season,school,coach,coach_id,kind,stored_label,fresh_label,vs_par,added,next_job,fresh_reason,your_label,notes
2004,Marshall,Bob Pruett,bob-pruett-1997,auto label changed,fired_or_pushed_out,ambiguous,24.7,-2.5,,"above expectations (vs_par +24.7) but no next job found - ambiguous, per the plan's own example",retired_or_other,"Retired after 2004 season. [background knowledge, not fetched]"
2004,New Mexico State,Tony Samuel,tony-samuel-1997,auto label changed,fired_or_pushed_out,ambiguous,12.7,-3.8,,"above expectations (vs_par +12.7) but no next job found - ambiguous, per the plan's own example",fired_or_pushed_out,Contract not renewed after 2004 (Wikipedia). Non-renewal = pushed out.
2004,Ohio,Brian Knorr,brian-knorr-2000,auto label changed,fired_or_pushed_out,ambiguous,2.1,-2.0,,"above expectations (vs_par +2.1) but no next job found - ambiguous, per the plan's own example",fired_or_pushed_out,"Fired Nov 18, 2004 after 11-35 over four seasons (Wikipedia)."
2004,UNLV,John Robinson,john-robinson-1978,auto label changed,fired_or_pushed_out,ambiguous,10.1,-8.3,,"above expectations (vs_par +10.1) but no next job found - ambiguous, per the plan's own example",retired_or_other,"Resigned after 2-9 (Wikipedia). Per your rule, resigned = retired_or_other."
2005,Buffalo,Jim Hofher,jim-hofher-2000,auto label changed,fired_or_pushed_out,ambiguous,5.5,-10.1,,"above expectations (vs_par +5.5) but no next job found - ambiguous, per the plan's own example",,"UNVERIFIED. Wikipedia only says 2005 was his 'fifth and final season'. 1-10 record and no job for 3 years suggest fired_or_pushed_out, but I found no source saying so."
2005,Kansas State,Bill Snyder,bill-snyder-1989,auto label changed,fired_or_pushed_out,ambiguous,12.9,-3.3,,"above expectations (vs_par +12.9) but no next job found - ambiguous, per the plan's own example",retired_or_other,"Retired after 2005 (returned in 2009). [background knowledge, not fetched]"
2005,Middle Tennessee,Andy McCollum,andy-mccollum-1999,auto label changed,fired_or_pushed_out,ambiguous,15.4,-2.4,,"above expectations (vs_par +15.4) but no next job found - ambiguous, per the plan's own example",fired_or_pushed_out,"'Fired following the conclusion of the 2005 season' along with both coordinators (Wikipedia, 2005 MTSU team page)."
2006,Minnesota,Glen Mason,glen-mason-1986,auto label changed,fired_or_pushed_out,ambiguous,9.2,-2.8,,"above expectations (vs_par +9.2) but no next job found - ambiguous, per the plan's own example",fired_or_pushed_out,"Fired after the 2006 Insight Bowl collapse. [background knowledge, not fetched]"
2006,North Texas,Darrell Dickey,darrell-dickey-1998,auto label changed,fired_or_pushed_out,ambiguous,1.8,-6.7,,"above expectations (vs_par +1.8) but no next job found - ambiguous, per the plan's own example",fired_or_pushed_out,Fired after 2006; North Texas paid out remaining contract (Wikipedia).
2006,Rice,Todd Graham,todd-graham-2006,auto label changed,moved_up,fired_or_pushed_out,-3.5,3.2,Tulsa (2007),"below expectations (vs_par -3.5), next job at Tulsa (2007) is a clearly smaller program (program_par -11.0 vs. -7.0 here)",moved_up,"Voluntarily left Rice (7-6) for Tulsa; not fired. Lateral CUSA move, so this is a judgment call. Fresh label 'fired' is wrong. Keep stored moved_up."
2008,Boston College,Jeff Jagodzinski,jeff-jagodzinski-2006,auto label changed,fired_or_pushed_out,ambiguous,2.2,0.4,,"above expectations (vs_par +2.2) but no next job found - ambiguous, per the plan's own example",fired_or_pushed_out,Fired Jan 2009 the day after interviewing with the Jets against AD's warning (Wikipedia).
2008,Clemson,Tommy Bowden,tommy-bowden-1997,auto label changed,fired_or_pushed_out,ambiguous,1.5,-1.5,,"above expectations (vs_par +1.5) but no next job found - ambiguous, per the plan's own example",retired_or_other,"Resigned Oct 13, 2008 at 3-3 (Wikipedia). Per your rule, resigned = retired_or_other."
2008,Eastern Michigan,Jeff Genyk,jeff-genyk-2003,auto label changed,fired_or_pushed_out,ambiguous,1.3,-7.5,,"above expectations (vs_par +1.3) but no next job found - ambiguous, per the plan's own example",fired_or_pushed_out,"Fired Nov 2008 (Wikipedia). Then ESPN analyst, no head job."
2008,New Mexico,Rocky Long,rocky-long-1998,auto label changed,fired_or_pushed_out,ambiguous,5.7,-3.7,,"above expectations (vs_par +5.7) but no next job found - ambiguous, per the plan's own example",retired_or_other,"Resigned Nov 17, 2008; became SDSU DC. Per your rule, resigned = retired_or_other."
2008,Purdue,Joe Tiller,joe-tiller-1991,auto label changed,fired_or_pushed_out,ambiguous,3.4,-2.8,,"above expectations (vs_par +3.4) but no next job found - ambiguous, per the plan's own example",retired_or_other,"Retired after 2008. [background knowledge, not fetched]"
2009,Akron,J.D. Brookhart,j-d-brookhart-2003,auto label changed,fired_or_pushed_out,ambiguous,1.0,-9.3,,"above expectations (vs_par +1.0) but no next job found - ambiguous, per the plan's own example",fired_or_pushed_out,"Fired after 3-9 in 2009; Akron release 'relieves ... from duties' Nov 28, 2009 (Wikipedia)."
2009,Kansas,Mark Mangino,mark-mangino-2001,auto label changed,fired_or_pushed_out,ambiguous,4.2,-2.5,,"above expectations (vs_par +4.2) but no next job found - ambiguous, per the plan's own example",retired_or_other,"Resigned Dec 2009 via negotiated buyout after mistreatment investigation (Wikipedia). Per your rule, resigned = retired_or_other, though it was effectively forced."
2009,Louisiana-Monroe,Charlie Weatherbie,charlie-weatherbie-1992,auto label changed,fired_or_pushed_out,ambiguous,11.9,-0.6,,"above expectations (vs_par +11.9) but no next job found - ambiguous, per the plan's own example",fired_or_pushed_out,"'Released' by ULM Nov 30, 2009 (Wikipedia)."
2009,UNLV,Mike Sanford Sr.,mike-sanford-sr-2004,auto label changed,fired_or_pushed_out,ambiguous,2.8,-2.5,,"above expectations (vs_par +2.8) but no next job found - ambiguous, per the plan's own example",fired_or_pushed_out,UNLV 'announced it had fired Sanford' after 2009 (Wikipedia).
2009,USC,Pete Carroll,pete-carroll-2000,auto label changed,fired_or_pushed_out,ambiguous,2.9,-7.1,,"above expectations (vs_par +2.9) but no next job found - ambiguous, per the plan's own example",moved_up,"Left USC for Seattle Seahawks (NFL). [background knowledge, not fetched]"
2009,Vanderbilt,Bobby Johnson,bobby-johnson-2001,auto label changed,fired_or_pushed_out,ambiguous,2.0,-6.3,,"above expectations (vs_par +2.0) but no next job found - ambiguous, per the plan's own example",retired_or_other,Vanderbilt itself announced he 'retires' (July 2010). Some outlets said 'resigns'. Stepped away voluntarily; not fired.
2009,Western Kentucky,David Elson,david-elson-2003,auto label changed,fired_or_pushed_out,ambiguous,5.2,-13.7,,"above expectations (vs_par +5.2) but no next job found - ambiguous, per the plan's own example",fired_or_pushed_out,"Fired Nov 9, 2009 (Wikipedia)."
2010,Arkansas State,Steve Roberts,steve-roberts-2001,auto label changed,fired_or_pushed_out,ambiguous,15.0,-2.1,,"above expectations (vs_par +15.0) but no next job found - ambiguous, per the plan's own example",retired_or_other,"Resigned Nov 29, 2010 after 4-8 per ASU/ESPN. Per your rule, resigned = retired_or_other."
2010,Kent State,Doug Martin,doug-martin-2004,auto label changed,fired_or_pushed_out,ambiguous,13.1,-2.7,,"above expectations (vs_par +13.1) but no next job found - ambiguous, per the plan's own example",retired_or_other,"Resigned after 2010 finale (Wikipedia); took NMSU OC job 2011. Per your rule, resigned = retired_or_other."
2010,West Virginia,Bill Stewart,bill-stewart-2007,auto label changed,fired_or_pushed_out,ambiguous,1.1,6.2,,"above expectations (vs_par +1.1) but no next job found - ambiguous, per the plan's own example",fired_or_pushed_out,"Per your call: forced out. Reported fired for 'conduct detrimental to the university' but allowed to resign June 10, 2011. Season key 2010 vs June 2011 exit: check."
2011,Illinois,Ron Zook,ron-zook-2002,auto label changed,fired_or_pushed_out,ambiguous,2.6,-3.1,,"above expectations (vs_par +2.6) but no next job found - ambiguous, per the plan's own example",fired_or_pushed_out,"Fired Nov 2011. [background knowledge, not fetched]"
2011,Southern Miss,Larry Fedora,larry-fedora-2007,auto label changed,moved_up,ambiguous,4.1,7.6,North Carolina (2012),"above expectations (vs_par +4.1) but next job at North Carolina (2012) is a clearly smaller program (program_par 0.1 vs. 4.9 here) - ambiguous, per the plan's own example",moved_up,"Left Southern Miss for North Carolina (ACC). Fresh label 'ambiguous' comes from the par comparison, but it is a clear step up in conference."
2012,Nevada,Chris Ault,chris-ault-1992,auto label changed,fired_or_pushed_out,ambiguous,7.2,-4.0,,"above expectations (vs_par +7.2) but no next job found - ambiguous, per the plan's own example",retired_or_other,"Stepped down/retired after 2012. [background knowledge, not fetched]"
2012,UTEP,Mike Price,mike-price-1989,auto label changed,fired_or_pushed_out,ambiguous,4.4,-4.9,,"above expectations (vs_par +4.4) but no next job found - ambiguous, per the plan's own example",retired_or_other,"Retired after 2012. [background knowledge, not fetched]"
2013,Boise State,Chris Petersen,chris-petersen-2005,auto label changed,fired_or_pushed_out,moved_up,10.4,-0.1,Washington (2014),"next job at Washington (2014), program_par 0.6 vs. -0.8 here",moved_up,Left Boise State for Washington (Pac-12). Fresh moved_up is correct; stored label was wrong.
2014,Central Michigan,Dan Enos,dan-enos-2010,auto label changed,fired_or_pushed_out,ambiguous,1.5,1.0,,"above expectations (vs_par +1.5) but no next job found - ambiguous, per the plan's own example",moved_up,"Resigned Jan 22, 2015 to be Arkansas OC (Wikipedia). Voluntary move to an SEC staff after a 7-6 year; counted as moved_up but it is a coordinator job, so a judgment call."
2014,Troy,Larry Blakeney,larry-blakeney-1990,auto label changed,fired_or_pushed_out,ambiguous,3.4,-13.5,,"above expectations (vs_par +3.4) but no next job found - ambiguous, per the plan's own example",retired_or_other,"Retired after 2014 (3-9 season). [background knowledge, not fetched]"
2015,Missouri,Gary Pinkel,gary-pinkel-1991,auto label changed,fired_or_pushed_out,ambiguous,5.1,-7.4,,"above expectations (vs_par +5.1) but no next job found - ambiguous, per the plan's own example",retired_or_other,"Retired for health (cancer). [background knowledge, not fetched]"
2016,LSU,Les Miles,les-miles-2000,auto label changed,fired_or_pushed_out,ambiguous,8.7,8.1,,"above expectations (vs_par +8.7) but no next job found - ambiguous, per the plan's own example",fired_or_pushed_out,"Fired Sept 2016. [background knowledge, not fetched]"
2017,Florida State,Jimbo Fisher,jimbo-fisher-2010,auto label changed,moved_up,fired_or_pushed_out,-5.1,-1.6,Texas A&M (2018),"below expectations (vs_par -5.1), next job at Texas A&M (2018) is a clearly smaller program (program_par 11.0 vs. 15.9 here)",moved_up,Voluntarily left FSU for Texas A&M. Fresh label 'fired' is wrong; stored moved_up is correct.
2020,Ohio,Frank Solich,frank-solich-1998,auto label changed,fired_or_pushed_out,ambiguous,5.8,-0.9,,"above expectations (vs_par +5.8) but no next job found - ambiguous, per the plan's own example",retired_or_other,Wikipedia: stepped down 'to focus on his health'; assistant Tim Albin promoted; Solich became special assistant to AD. Not fired.
2021,TCU,Gary Patterson,gary-patterson-2000,auto label changed,fired_or_pushed_out,ambiguous,10.3,-4.5,,"above expectations (vs_par +10.3) but no next job found - ambiguous, per the plan's own example",,"JUDGMENT CALL. TCU called it 'mutual' (Oct 31, 2021). Patterson was offered an off-field role for the rest of 2021 but left immediately; TCU wanted 'a new voice'. Leaning fired_or_pushed_out."
2022,Navy,Ken Niumatalolo,ken-niumatalolo-2007,auto label changed,fired_or_pushed_out,ambiguous,4.3,2.9,,"above expectations (vs_par +4.3) but no next job found - ambiguous, per the plan's own example",fired_or_pushed_out,"Fired Dec 2022 right after Army loss. He later became SJSU head coach, so the 'no next job' detection missed it (window issue?)."
2023,Middle Tennessee,Rick Stockstill,rick-stockstill-2005,auto label changed,fired_or_pushed_out,ambiguous,5.8,-3.1,,"above expectations (vs_par +5.8) but no next job found - ambiguous, per the plan's own example",fired_or_pushed_out,"Fired Nov 2023. [background knowledge, not fetched]"
2025,Arkansas,Bobby Petrino,bobby-petrino-2002,auto label changed,fired_or_pushed_out,ambiguous,5.8,4.8,,"above expectations (vs_par +5.8) but no next job found - ambiguous, per the plan's own example",fired_or_pushed_out,"Per your call: Pittman was fired Sept 28, 2025. Petrino was only the interim, so this row's coach/coach_id should probably be Sam Pittman, not Petrino."
2004,Pittsburgh,Walt Harris,walt-harris-1989,manual label contradicted,fired_or_pushed_out,moved_up,3.4,-3.3,Stanford (2005),"next job at Stanford (2005), program_par 4.1 vs. -0.4 here",moved_up,"Wikipedia: Pitt denied his extension requests, then he accepted the Stanford head job (still coached Fiesta Bowl). Players felt he was effectively fired, but it was his own move. Suggest moved_up (contentious, lateral)."
2007,Arkansas,Houston Nutt,houston-nutt-1997,manual label contradicted,fired_or_pushed_out,moved_up,7.5,1.6,Ole Miss (2008),"next job at Ole Miss (2008), program_par 1.7 vs. 2.9 here",moved_up,Per your call: moved_up. Resigned Arkansas Nov 2007 and was named Ole Miss coach days later.
2015,Georgia,Mark Richt,mark-richt-2000,manual label contradicted,fired_or_pushed_out,moved_up,5.1,-1.7,Miami (FL) (2016),"next job at Miami (FL) (2016), program_par 6.8 vs. 9.4 here",fired_or_pushed_out,"Georgia announced Nov 2015 that he would not return (pushed out); Miami hired him days later. Next job doesn't make it a move up. Keep stored. [background knowledge, not fetched]"
2015,Minnesota,Jerry Kill,jerry-kill-2007,manual label contradicted,retired_or_other,fired_or_pushed_out,-1.1,-2.7,,"below expectations (vs_par -1.1), no next job found",retired_or_other,"Retired Oct 2015 for health (epilepsy). Keep stored. [background knowledge, not fetched]"
2019,Michigan State,Mark Dantonio,mark-dantonio-2003,manual label contradicted,retired_or_other,fired_or_pushed_out,-0.6,0.5,,"below expectations (vs_par -0.6), no next job found",retired_or_other,"Retired Feb 2020. Some speculation of being pushed out but the official line is retirement. Keep stored. [background knowledge, not fetched]"
2023,Fresno State,Jeff Tedford,jeff-tedford-2001,manual label contradicted,retired_or_other,fired_or_pushed_out,-0.2,-0.9,,"below expectations (vs_par -0.2), no next job found",retired_or_other,"Wikipedia: 'stepped away ... for health reasons' Dec 1, 2023. Keep stored."
