season,school,coach,coach_id,conference,tenure_years,final_record,vs_par,added,next_job,auto_label,reason,your_label,notes
1984,Arizona State,Darryl Rogers,darryl-rogers-1978,Pac-10,5,5-6,,1.4,,ambiguous,"above expectations (added +1.4 vs. its own preseason prior (program_par unavailable)) but no next job found - ambiguous, per the plan's own example",moved_up,"[background knowledge, not fetched] Left ASU to coach the Detroit Lions."
1984,Florida,Charley Pell,charley-pell-1978,SEC,6,1-1-1,,8.1,,ambiguous,"above expectations (added +8.1 vs. its own preseason prior (program_par unavailable)) but no next job found - ambiguous, per the plan's own example",fired_or_pushed_out,"[background knowledge, not fetched] Forced out at Florida in Oct 1984 amid NCAA violations."
1984,Oregon State,Joe Avezzano,joe-avezzano-1980,Pac-10,5,2-9,,0.8,,ambiguous,"above expectations (added +0.8 vs. its own preseason prior (program_par unavailable)) but no next job found - ambiguous, per the plan's own example",fired_or_pushed_out,[verified on Wikipedia] 'Fired after the 1984 season.'
1984,Tulsa,John Cooper,john-cooper-1978,Missouri Valley,7,6-5,,-1.2,Arizona State (1985),ambiguous,"next job found, but program_par isn't available to compare",moved_up,"[background knowledge, not fetched] Tulsa to Arizona State (Pac-10)."
1985,Bowling Green,Dennis Stolz,dennis-stolz-1978,Mid-American,8,11-1,,2.3,San Diego State (1986),ambiguous,"next job found, but program_par isn't available to compare",moved_up,"[background knowledge, not fetched] Left Bowling Green (11-1) for San Diego State. Lateral-ish, so a judgment call."
1985,Kent State,Dick Scesniak,dick-scesniak-1983,Mid-American,3,3-8,1.1,-5.0,,ambiguous,"above expectations (vs_par +1.1) but no next job found - ambiguous, per the plan's own example",retired_or_other,"Per your rule (died = retired_or_other). Died of a heart attack April 1, 1986; Wikipedia doesn't say whether he was fired first."
1985,Memphis,Rey Dempsey,rey-dempsey-1978,FBS Independents,2,2-7-2,6.0,-4.1,,ambiguous,"above expectations (vs_par +6.0) but no next job found - ambiguous, per the plan's own example",,"UNRESOLVED. No source says how it ended (2-7-2 final year, 7-12-3 total). Leaning fired_or_pushed_out."
1985,Northwestern,Dennis Green,dennis-green-1981,Big Ten,5,3-8,12.4,-4.3,,ambiguous,"above expectations (vs_par +12.4) but no next job found - ambiguous, per the plan's own example",moved_up,"[verified on Wikipedia] Left Northwestern in 1985 to be 49ers WR coach (a coordinator-level NFL assistant job, same logic as Enos)."
1985,San Diego State,Doug Scovil,doug-scovil-1981,Western Athletic,5,5-6-1,6.4,3.1,,ambiguous,"above expectations (vs_par +6.4) but no next job found - ambiguous, per the plan's own example",moved_up,[verified on Wikipedia] Next job was Eagles QB coach (1986); wording of the exit isn't given. Treated as a voluntary NFL move.
1985,UTEP,Bill Yung,bill-yung-1978,Western Athletic,4,1-10,4.5,-4.9,,ambiguous,"above expectations (vs_par +4.5) but no next job found - ambiguous, per the plan's own example",fired_or_pushed_out,"[background knowledge, not fetched] Fired after 1-10 at UTEP. Not verified, low confidence."
1986,Arizona,Larry Smith,larry-smith-1978,Pac-10,7,9-3,,8.8,USC (1987),ambiguous,"next job found, but program_par isn't available to compare",moved_up,"[background knowledge, not fetched] Arizona to USC."
1986,Georgia Tech,Bill Curry,bill-curry-1980,ACC,7,5-5-1,,-0.9,Alabama (1987),ambiguous,"next job found, but program_par isn't available to compare",moved_up,"[background knowledge, not fetched] Georgia Tech to Alabama."
1986,Hawaii,Dick Tomey,dick-tomey-1978,Western Athletic,9,7-5,,-0.2,Arizona (1987),ambiguous,"next job found, but program_par isn't available to compare",moved_up,[verified on Wikipedia] Hawaii to Arizona (1987).
1986,LSU,Bill Arnsparger,bill-arnsparger-1984,SEC,3,9-3,8.6,8.3,,ambiguous,"above expectations (vs_par +8.6) but no next job found - ambiguous, per the plan's own example",retired_or_other,"[background knowledge, not fetched] Resigned LSU job to become Florida AD (1986)."
1986,Texas,Fred Akers,fred-akers-1978,Southwest,9,5-6,,-1.6,Purdue (1987),ambiguous,"next job found, but program_par isn't available to compare",fired_or_pushed_out,Per your call: fired/pushed out of Texas after first losing season in 30 years. Hired at Purdue immediately.
1986,Virginia Tech,Bill Dooley,bill-dooley-1978,FBS Independents,9,9-2-1,,0.6,Wake Forest (1987),ambiguous,"next job found, but program_par isn't available to compare",moved_up,"[background knowledge, not fetched] Left Virginia Tech for Wake Forest (ACC). I recall he'd clashed with the administration, but he took another head job."
1986,Washington State,Jim Walden,jim-walden-1978,Pac-10,9,3-7-1,,-3.9,Iowa State (1987),ambiguous,"next job found, but program_par isn't available to compare",moved_up,"[background knowledge, not fetched] Washington State to Iowa State."
1987,North Carolina,Dick Crum,dick-crum-1978,ACC,10,5-6,,1.6,Kent State (1988),ambiguous,"next job found, but program_par isn't available to compare",retired_or_other,"[verified on Wikipedia] 'Resigned at the end of the season' (1987 UNC page), per your resigned rule. Then Kent State in 1988."
1988,Georgia,Vince Dooley,vince-dooley-1978,SEC,11,9-3,,4.3,,ambiguous,"above expectations (added +4.3 vs. its own preseason prior (program_par unavailable)) but no next job found - ambiguous, per the plan's own example",retired_or_other,"[background knowledge, not fetched] Stepped down as coach, stayed as Georgia AD."
1988,Memphis,Charlie Bailey,charlie-bailey-1986,FBS Independents,3,6-5,3.9,2.1,,ambiguous,"above expectations (vs_par +3.9) but no next job found - ambiguous, per the plan's own example",retired_or_other,[verified on Wikipedia] 'Resigned from Memphis in 1989 after allegations that two athletes lied about contact with boosters.' Per your resigned rule.
1988,Miami (FL),Jimmy Johnson,jimmy-johnson-1979,FBS Independents,5,11-1,20.6,11.6,,ambiguous,"above expectations (vs_par +20.6) but no next job found - ambiguous, per the plan's own example",moved_up,"[background knowledge, not fetched] Left Miami for the Dallas Cowboys."
1988,Oklahoma,Barry Switzer,barry-switzer-1978,Big 8,11,9-3,,0.5,,ambiguous,"above expectations (added +0.5 vs. its own preseason prior (program_par unavailable)) but no next job found - ambiguous, per the plan's own example",retired_or_other,"[verified on Wikipedia] Wikipedia: 'chose to resign' amid NCAA probation scandal. Per your resigned rule, though it was effectively forced."
1988,Stanford,Jack Elway,jack-elway-1979,Pac-10,5,3-6-2,3.4,5.1,,ambiguous,"above expectations (vs_par +3.4) but no next job found - ambiguous, per the plan's own example",fired_or_pushed_out,[verified on Wikipedia] 'Elway was fired following the season' (1988 Stanford page).
1988,Texas A&M,Jackie Sherrill,jackie-sherrill-1978,Southwest,7,7-5,1.5,0.1,,ambiguous,"above expectations (vs_par +1.5) but no next job found - ambiguous, per the plan's own example",retired_or_other,"[verified on Wikipedia] Resigned Dec 1988 after NCAA probation, personally exonerated. Per your resigned rule."
1989,Clemson,Danny Ford,danny-ford-1978,ACC,12,10-2,,9.3,,ambiguous,"above expectations (added +9.3 vs. its own preseason prior (program_par unavailable)) but no next job found - ambiguous, per the plan's own example",retired_or_other,"[verified on Wikipedia] 'Resigned January 18, 1990, after a falling out with Clemson administration.' Per your resigned rule."
1989,Houston,Jack Pardee,jack-pardee-1987,Southwest,3,9-2,22.0,16.1,,ambiguous,"above expectations (vs_par +22.0) but no next job found - ambiguous, per the plan's own example",moved_up,"[background knowledge, not fetched] Left Houston for the NFL (Houston Oilers head coach)."
1989,Kentucky,Jerry Claiborne,jerry-claiborne-1978,SEC,8,6-5,2.5,-0.6,,ambiguous,"above expectations (vs_par +2.5) but no next job found - ambiguous, per the plan's own example",retired_or_other,"[background knowledge, not fetched] Retired from Kentucky after 1989."
1989,Michigan,Bo Schembechler,bo-schembechler-1978,Big Ten,12,10-2,,6.3,,ambiguous,"above expectations (added +6.3 vs. its own preseason prior (program_par unavailable)) but no next job found - ambiguous, per the plan's own example",retired_or_other,"[background knowledge, not fetched] Retired after 1989."
1990,Army,Jim Young,jim-young-1978,FBS Independents,8,6-5,1.0,-8.8,,ambiguous,"above expectations (vs_par +1.0) but no next job found - ambiguous, per the plan's own example",retired_or_other,"[background knowledge, not fetched] Retired from Army after 1990."
1990,Boston College,Jack Bicknell,jack-bicknell-1981,FBS Independents,10,4-7,0.3,-3.4,,ambiguous,"above expectations (vs_par +0.3) but no next job found - ambiguous, per the plan's own example",fired_or_pushed_out,"[background knowledge, not fetched] Fired after 4-7 in 1990."
1990,Northern Illinois,Jerry Pettibone,jerry-pettibone-1985,FBS Independents,6,6-5,3.9,1.8,Oregon State (1991),ambiguous,"above expectations (vs_par +3.9) but next job at Oregon State (1991) is a clearly smaller program (program_par -11.3 vs. -8.2 here) - ambiguous, per the plan's own example",moved_up,"[background knowledge, not fetched] NIU to Oregon State (Pac-10)."
1990,Oregon State,Dave Kragthorpe,dave-kragthorpe-1985,Pac-10,6,1-10,1.4,-12.5,,ambiguous,"above expectations (vs_par +1.4) but no next job found - ambiguous, per the plan's own example",fired_or_pushed_out,"[background knowledge, not fetched] Fired after 1-10 in 1990."
1990,Syracuse,Dick MacPherson,dick-macpherson-1981,FBS Independents,10,7-4-2,13.1,6.7,,ambiguous,"above expectations (vs_par +13.1) but no next job found - ambiguous, per the plan's own example",moved_up,"[background knowledge, not fetched] Left Syracuse for the New England Patriots."
1990,Toledo,Nick Saban,nick-saban-1990,Mid-American,1,9-2,2.7,3.8,,ambiguous,"above expectations (vs_par +2.7) but no next job found - ambiguous, per the plan's own example",moved_up,"[background knowledge, not fetched] Left Toledo to be Houston Oilers/Browns defensive coordinator (NFL assistant)."
1990,Wyoming,Paul Roach,paul-roach-1987,Western Athletic,4,9-4,1.8,-2.4,,ambiguous,"above expectations (vs_par +1.8) but no next job found - ambiguous, per the plan's own example",retired_or_other,"[background knowledge, not fetched] Retired from Wyoming (moved to AD)."
1991,Georgia Tech,Bobby Ross,bobby-ross-1982,ACC,5,8-5,10.4,-0.5,,ambiguous,"above expectations (vs_par +10.4) but no next job found - ambiguous, per the plan's own example",moved_up,"[background knowledge, not fetched] Left Georgia Tech for the San Diego Chargers."
1991,Northwestern,Francis Peay,francis-peay-1986,Big Ten,6,3-8,10.8,-1.1,,ambiguous,"above expectations (vs_par +10.8) but no next job found - ambiguous, per the plan's own example",fired_or_pushed_out,"[background knowledge, not fetched] Fired after 3-8 in 1991."
1991,Pacific,Walt Harris,walt-harris-1989,Big West,3,5-7,1.5,-1.2,,ambiguous,"above expectations (vs_par +1.5) but no next job found - ambiguous, per the plan's own example",moved_up,[verified on Wikipedia] 'Moved on to the NFL' as Jets QB coach (1992-94).
1991,San Jose State,Terry Shea,terry-shea-1990,Big West,2,6-4-1,4.4,-3.0,,ambiguous,"above expectations (vs_par +4.4) but no next job found - ambiguous, per the plan's own example",moved_up,[verified on Wikipedia] Next job: Stanford assistant head coach/OC under Bill Walsh (1992-94).
1991,Stanford,Dennis Green,dennis-green-1981,Pac-10,3,8-4,9.9,9.7,,ambiguous,"above expectations (vs_par +9.9) but no next job found - ambiguous, per the plan's own example",moved_up,[verified on Wikipedia] Left Stanford to become Vikings head coach.
1992,Colorado State,Earle Bruce,earle-bruce-1978,Western Athletic,4,5-7,1.4,-2.5,,ambiguous,"above expectations (vs_par +1.4) but no next job found - ambiguous, per the plan's own example",fired_or_pushed_out,[verified on Wikipedia] 'Fired after the 1992 season' for abusing players.
1992,NC State,Dick Sheridan,dick-sheridan-1978,ACC,7,9-3-1,8.7,6.2,,ambiguous,"above expectations (vs_par +8.7) but no next job found - ambiguous, per the plan's own example",retired_or_other,"[background knowledge, not fetched] Retired from NC State (health)."
1992,Nevada,Chris Ault,chris-ault-1992,Big West,1,7-5,3.4,-1.1,,ambiguous,"above expectations (vs_par +3.4) but no next job found - ambiguous, per the plan's own example",retired_or_other,"[background knowledge, not fetched] Stepped down after 1992 (stayed as AD); returned as coach in 1994."
1992,Tennessee,Johnny Majors,johnny-majors-1978,SEC,15,5-3,,3.0,Pittsburgh (1993),ambiguous,"next job found, but program_par isn't available to compare",fired_or_pushed_out,[verified on Wikipedia] Forced to resign during 1992 season after Fulmer's interim success (Wikipedia). Took Pitt job after. Not treated as moved_up; Pitt was a return to his old school.
1992,Wake Forest,Bill Dooley,bill-dooley-1978,ACC,6,8-4,3.9,8.3,,ambiguous,"above expectations (vs_par +3.9) but no next job found - ambiguous, per the plan's own example",retired_or_other,"[background knowledge, not fetched] Retired after 1992."
1993,Boston College,Tom Coughlin,tom-coughlin-1991,Big East,3,9-3,9.5,8.1,,ambiguous,"above expectations (vs_par +9.5) but no next job found - ambiguous, per the plan's own example",moved_up,"[background knowledge, not fetched] Left Boston College for the Jacksonville Jaguars."
1993,Cincinnati,Tim Murphy,tim-murphy-1989,FBS Independents,5,8-3,8.8,6.3,,ambiguous,"above expectations (vs_par +8.8) but no next job found - ambiguous, per the plan's own example",moved_up,"[verified on Wikipedia] Went straight to Harvard (1994). Voluntary move but to FCS, so judgment call; no source on how it started."
1993,Ole Miss,Billy Brewer,billy-brewer-1980,SEC,11,5-6,7.6,2.5,,ambiguous,"above expectations (vs_par +7.6) but no next job found - ambiguous, per the plan's own example",fired_or_pushed_out,[verified on Wikipedia] Fired by Ole Miss chancellor in July 1994 after NCAA recruiting violations.
1993,San Diego State,Al Luginbill,al-luginbill-1989,Western Athletic,5,6-6,4.1,-1.4,,ambiguous,"above expectations (vs_par +4.1) but no next job found - ambiguous, per the plan's own example",fired_or_pushed_out,"[background knowledge, not fetched] Fired after 6-6 in 1993. Wikipedia silent; not verified, moderate confidence."
1994,Colorado,Bill McCartney,bill-mccartney-1982,Big 8,13,11-1,29.2,10.6,,ambiguous,"above expectations (vs_par +29.2) but no next job found - ambiguous, per the plan's own example",retired_or_other,"[background knowledge, not fetched] Retired after 1994."
1994,Memphis,Chuck Stobart,chuck-stobart-1978,FBS Independents,6,6-5,5.6,-3.6,,ambiguous,"above expectations (vs_par +5.6) but no next job found - ambiguous, per the plan's own example",fired_or_pushed_out,[verified on Wikipedia] 'Fired ... in December 1994.'
1994,Miami (FL),Dennis Erickson,dennis-erickson-1986,Big East,6,10-2,3.7,8.8,,ambiguous,"above expectations (vs_par +3.7) but no next job found - ambiguous, per the plan's own example",moved_up,"[background knowledge, not fetched] Left Miami for the Seattle Seahawks."
1994,Michigan State,George Perles,george-perles-1983,Big Ten,12,5-6,4.0,5.2,,ambiguous,"above expectations (vs_par +4.0) but no next job found - ambiguous, per the plan's own example",fired_or_pushed_out,"[verified on Wikipedia] Fired by MSU president before the end of 1994, allowed to finish the season."
1994,Ole Miss,Joe Lee Dunn,joe-lee-dunn-1983,SEC,1,4-7,1.3,-0.6,,ambiguous,"above expectations (vs_par +1.3) but no next job found - ambiguous, per the plan's own example",retired_or_other,"Per your call. Named coach after Brewer's firing (July 1994), went 4-7, replaced by Tuberville."
1994,Oregon,Rich Brooks,rich-brooks-1978,Pac-10,17,9-4,,8.5,,ambiguous,"above expectations (added +8.5 vs. its own preseason prior (program_par unavailable)) but no next job found - ambiguous, per the plan's own example",moved_up,"[background knowledge, not fetched] Left Oregon for the St. Louis Rams."
1995,Nevada,Chris Ault,chris-ault-1992,Big West,2,9-3,13.9,1.4,,ambiguous,"above expectations (vs_par +13.9) but no next job found - ambiguous, per the plan's own example",,"DELETE ROW. Ault coached Nevada continuously 1994-2012, so there is no 1995 departure."
1995,UCLA,Terry Donahue,terry-donahue-1978,Pac-10,18,7-5,,4.7,,ambiguous,"above expectations (added +4.7 vs. its own preseason prior (program_par unavailable)) but no next job found - ambiguous, per the plan's own example",retired_or_other,"[background knowledge, not fetched] Resigned/retired from UCLA after 1995."
1996,Indiana,Bill Mallory,bill-mallory-1978,Big Ten,13,3-8,4.7,4.1,,ambiguous,"above expectations (vs_par +4.7) but no next job found - ambiguous, per the plan's own example",fired_or_pushed_out,"[background knowledge, not fetched] Forced out at Indiana after 3-8 in 1996. Wikipedia silent; moderate confidence."
1996,Minnesota,Jim Wacker,jim-wacker-1983,Big Ten,5,4-7,2.5,-0.4,,ambiguous,"above expectations (vs_par +2.5) but no next job found - ambiguous, per the plan's own example",fired_or_pushed_out,"[background knowledge, not fetched] Fired after 4-7 in 1996. Wikipedia silent; moderate confidence."
1996,Notre Dame,Lou Holtz,lou-holtz-1978,FBS Independents,11,8-3,10.3,8.1,,ambiguous,"above expectations (vs_par +10.3) but no next job found - ambiguous, per the plan's own example",retired_or_other,"[background knowledge, not fetched] Resigned/retired from Notre Dame."
1996,Purdue,Jim Colletto,jim-colletto-1978,Big Ten,6,3-8,5.4,-4.8,,ambiguous,"above expectations (vs_par +5.4) but no next job found - ambiguous, per the plan's own example",fired_or_pushed_out,"[background knowledge, not fetched] Fired after 3-8 in 1996."
1996,Vanderbilt,Ron Dowhower,ron-dowhower-1979,SEC,2,2-9,0.1,-1.5,,ambiguous,"above expectations (vs_par +0.1) but no next job found - ambiguous, per the plan's own example",fired_or_pushed_out,"[background knowledge, not fetched] Fired after 2-9 in 1996. Couldn't fetch the page; moderate confidence."
1996,Wyoming,Joe Tiller,joe-tiller-1991,Western Athletic,6,10-2,5.7,4.8,Purdue (1997),ambiguous,"above expectations (vs_par +5.7) but next job at Purdue (1997) is a clearly smaller program (program_par -2.4 vs. 0.7 here) - ambiguous, per the plan's own example",moved_up,"[background knowledge, not fetched] Wyoming to Purdue (1997)."
1997,Nebraska,Tom Osborne,tom-osborne-1978,Big 12,20,13-0,,8.8,,ambiguous,"above expectations (added +8.8 vs. its own preseason prior (program_par unavailable)) but no next job found - ambiguous, per the plan's own example",retired_or_other,"[background knowledge, not fetched] Retired after 13-0 national title in 1997."
1997,North Texas,Matt Simon,matt-simon-1995,Big West,3,4-7,0.9,-4.0,,ambiguous,"above expectations (vs_par +0.9) but no next job found - ambiguous, per the plan's own example",fired_or_pushed_out,"[background knowledge, not fetched] Fired after 4-7 in 1997. Couldn't fetch the page; moderate confidence."
1997,UCF,Gene McDowell,gene-mcdowell-1996,FBS Independents,2,5-6,22.8,8.6,,ambiguous,"above expectations (vs_par +22.8) but no next job found - ambiguous, per the plan's own example",fired_or_pushed_out,"[background knowledge, not fetched] Fired after 1997. Moderate confidence."
1998,Louisiana Tech,Gary Crowton,gary-crowton-1996,FBS Independents,3,6-6,10.0,1.4,,ambiguous,"above expectations (vs_par +10.0) but no next job found - ambiguous, per the plan's own example",moved_up,"[verified on Wikipedia] Next job was Chicago Bears OC (1999-2000); NFL assistant, same logic as Enos."
1998,Louisiana-Monroe,Ed Zaunbrecher,ed-zaunbrecher-1994,FBS Independents,5,5-6,4.3,-5.5,,ambiguous,"above expectations (vs_par +4.3) but no next job found - ambiguous, per the plan's own example",fired_or_pushed_out,"[background knowledge, not fetched] Fired after 5-6 in 1998. Wikipedia silent; moderate confidence."
1998,Oregon State,Mike Riley,mike-riley-1997,Pac-10,2,5-6,8.5,6.0,,ambiguous,"above expectations (vs_par +8.5) but no next job found - ambiguous, per the plan's own example",moved_up,"[background knowledge, not fetched] Left Oregon State for the San Diego Chargers."
1999,Eastern Michigan,Rick Rasnick,rick-rasnick-1995,Mid-American,5,4-7,0.5,-1.8,,ambiguous,"above expectations (vs_par +0.5) but no next job found - ambiguous, per the plan's own example",fired_or_pushed_out,"[verified on Wikipedia] Fired Nov 16, 1999 by AD Dave Diles."
1999,Michigan State,Nick Saban,nick-saban-1990,Big Ten,5,9-2,8.0,10.1,LSU (2000),ambiguous,"above expectations (vs_par +8.0) but next job at LSU (2000) is a clearly smaller program (program_par 4.7 vs. 9.4 here) - ambiguous, per the plan's own example",moved_up,"[background knowledge, not fetched] Michigan State to LSU."
1999,Texas Tech,Spike Dykes,spike-dykes-1986,Big 12,14,6-5,0.9,-4.0,,ambiguous,"above expectations (vs_par +0.9) but no next job found - ambiguous, per the plan's own example",retired_or_other,"[background knowledge, not fetched] Retired after 1999."
1999,UTEP,Charlie Bailey,charlie-bailey-1986,Western Athletic,7,5-7,2.3,-0.3,,ambiguous,"above expectations (vs_par +2.3) but no next job found - ambiguous, per the plan's own example",,"UNRESOLVED. Wikipedia: 'replaced by Gary Nord' after 1999, no wording on firing vs resigning. Leaning fired_or_pushed_out (5-7)."
2000,Arizona,Dick Tomey,dick-tomey-1978,Pac-10,14,5-6,1.1,4.6,,ambiguous,"above expectations (vs_par +1.1) but no next job found - ambiguous, per the plan's own example",fired_or_pushed_out,[verified on Wikipedia] Officially a resignation but 'in lieu of termination' (university said so); paid $600K severance. Treated like Stewart: pushed out.
2000,Georgia,Jim Donnan,jim-donnan-1996,SEC,5,8-4,2.7,6.9,,ambiguous,"above expectations (vs_par +2.7) but no next job found - ambiguous, per the plan's own example",fired_or_pushed_out,"[background knowledge, not fetched] Fired after 2000 season."
2000,Maryland,Ron Vanderlinden,ron-vanderlinden-1997,ACC,4,5-6,2.2,-0.3,,ambiguous,"above expectations (vs_par +2.2) but no next job found - ambiguous, per the plan's own example",fired_or_pushed_out,"[background knowledge, not fetched] Fired after 5-6 in 2000."
2000,Miami (FL),Butch Davis,butch-davis-1995,Big East,6,11-1,2.3,16.5,,ambiguous,"above expectations (vs_par +2.3) but no next job found - ambiguous, per the plan's own example",moved_up,"[background knowledge, not fetched] Left Miami for the Cleveland Browns."
2000,Ohio State,John Cooper,john-cooper-1978,Big Ten,13,8-4,0.1,6.7,,ambiguous,"above expectations (vs_par +0.1) but no next job found - ambiguous, per the plan's own example",fired_or_pushed_out,"[background knowledge, not fetched] Fired by Ohio State after 2000 season."
2000,San Jose State,Dave Baldwin,dave-baldwin-1997,Western Athletic,4,7-5,1.6,5.9,,ambiguous,"above expectations (vs_par +1.6) but no next job found - ambiguous, per the plan's own example",fired_or_pushed_out,"[background knowledge, not fetched] Fired after 2000. Couldn't fetch the page; moderate confidence."
2000,Virginia,George Welsh,george-welsh-1978,ACC,19,6-6,4.7,-2.3,,ambiguous,"above expectations (vs_par +4.7) but no next job found - ambiguous, per the plan's own example",retired_or_other,"[background knowledge, not fetched] Retired after 2000."
2000,West Virginia,Don Nehlen,don-nehlen-1980,Big East,21,7-5,,1.9,,ambiguous,"above expectations (added +1.9 vs. its own preseason prior (program_par unavailable)) but no next job found - ambiguous, per the plan's own example",retired_or_other,"[background knowledge, not fetched] Retired after 2000."
2001,Florida,Steve Spurrier,steve-spurrier-1987,SEC,12,10-2,15.0,13.7,,ambiguous,"above expectations (vs_par +15.0) but no next job found - ambiguous, per the plan's own example",moved_up,"[background knowledge, not fetched] Left Florida for the Washington Redskins."
2001,Georgia Tech,George O'Leary,george-o-leary-1994,ACC,8,7-5,6.2,-0.3,,ambiguous,"above expectations (vs_par +6.2) but no next job found - ambiguous, per the plan's own example",moved_up,"[background knowledge, not fetched] Left Georgia Tech for Notre Dame (resume scandal came after)."
2001,SMU,Mike Cavan,mike-cavan-1997,Western Athletic,5,4-7,1.8,-0.7,,ambiguous,"above expectations (vs_par +1.8) but no next job found - ambiguous, per the plan's own example",,UNRESOLVED. Wikipedia silent on how it ended (4-7 in 2001). Couldn't confirm resigned vs fired.
2002,Kentucky,Guy Morriss,guy-morriss-2001,SEC,2,7-5,7.0,6.5,Baylor (2003),ambiguous,"above expectations (vs_par +7.0) but next job at Baylor (2003) is a clearly smaller program (program_par -6.8 vs. -2.4 here) - ambiguous, per the plan's own example",moved_up,"[background knowledge, not fetched] Left Kentucky for Baylor. Lateral/smaller, but voluntary."
2002,Oregon State,Dennis Erickson,dennis-erickson-1986,Pac-10,4,8-5,18.1,5.9,,ambiguous,"above expectations (vs_par +18.1) but no next job found - ambiguous, per the plan's own example",moved_up,"[background knowledge, not fetched] Left Oregon State for the San Francisco 49ers."
2002,Utah,Ron McBride,ron-mcbride-1990,Mountain West,13,5-6,3.8,-5.2,,ambiguous,"above expectations (vs_par +3.8) but no next job found - ambiguous, per the plan's own example",fired_or_pushed_out,"[background knowledge, not fetched] Fired after 5-6 in 2002."
2002,Washington State,Mike Price,mike-price-1989,Pac-10,14,10-3,12.4,6.0,,ambiguous,"above expectations (vs_par +12.4) but no next job found - ambiguous, per the plan's own example",moved_up,"[background knowledge, not fetched] Left Washington State for Alabama (later fired there before coaching a game)."
2003,Akron,Lee Owens,lee-owens-1995,Mid-American,9,7-5,9.7,1.0,,ambiguous,"above expectations (vs_par +9.7) but no next job found - ambiguous, per the plan's own example",fired_or_pushed_out,"[background knowledge, not fetched] Fired after 2003."
2003,Cincinnati,Rick Minter,rick-minter-1994,Conference USA,10,5-7,9.2,-7.3,,ambiguous,"above expectations (vs_par +9.2) but no next job found - ambiguous, per the plan's own example",fired_or_pushed_out,"[background knowledge, not fetched] Fired after 5-7 in 2003."
2003,Kent State,Dean Pees,dean-pees-1998,Mid-American,6,5-7,11.1,0.3,,ambiguous,"above expectations (vs_par +11.1) but no next job found - ambiguous, per the plan's own example",moved_up,"[verified on Wikipedia] Left Kent State for the Patriots (LB coach, 2004). NFL assistant job."
2003,UCF,Mike Kruczek,mike-kruczek-1998,Mid-American,6,3-7,1.7,-17.1,,ambiguous,"above expectations (vs_par +1.7) but no next job found - ambiguous, per the plan's own example",fired_or_pushed_out,"[background knowledge, not fetched] Fired after 3-7 in 2003."
