season,source,games,rated,loose_components_end,strict_orphans_end,zero_game_end,stable_from,orphan_free_from,orphan_free_share,last_orphan_before,orph@5%,zero@5%,orph@10%,zero@10%,orph@15%,zero@15%,orph@25%,zero@25%,orph@40%,zero@40%
1978,CFBD,813,138,1,0,0,93% (wk12),39% (wk6),0.39,"Columbia, Harvard",61,72,94,29,71,16,8,3,0,1
1979,CFBD,812,138,1,0,0,38% (wk6),38% (wk6),0.381,"Columbia, Harvard",60,74,103,28,97,15,9,2,0,0
1980,CFBD,812,138,1,0,0,39% (wk6),35% (wk6),0.35,"Dartmouth, Pennsylvania",60,74,97,33,106,12,8,1,0,0
1981,CFBD,801,136,1,0,0,34% (wk5),34% (wk5),0.34,"Dartmouth, Princeton",67,66,92,31,95,10,10,0,0,0
1982,CFBD,655,105,1,0,0,32% (wk4),32% (wk4),0.321,Western Michigan,50,53,69,25,85,2,12,0,0,0
1983,CFBD,654,105,1,0,0,66% (wk9),66% (wk9),0.661,West Texas,42,57,74,25,86,7,5,0,1,0
1984,CFBD,649,106,1,0,0,28% (wk5),28% (wk5),0.28,Eastern Michigan,46,56,71,24,85,4,3,0,0,0
1985,CFBD,648,106,1,0,0,51% (wk8),51% (wk8),0.509,West Texas,49,52,78,20,48,9,12,0,1,0
1986,CFBD,637,105,1,0,0,32% (wk5),32% (wk5),0.32,"Arizona State, Fresno State, Michigan",46,54,75,24,75,10,10,0,0,0
1987,CFBD,633,104,1,0,0,30% (wk5),30% (wk5),0.3,Navy,39,57,71,24,77,11,4,0,0,0
1988,CFBD,633,104,1,0,0,26% (wk4),26% (wk4),0.261,"Georgia Tech, Ohio, Purdue",49,51,75,20,78,9,4,0,0,0
1989,CFBD,632,106,1,0,0,28% (wk4),28% (wk4),0.28,"Arizona State, Houston, Kansas State",58,46,73,23,72,5,5,0,0,0
1990,CFBD,646,107,1,0,0,40% (wk6),40% (wk6),0.399,Army,45,57,73,24,76,5,1,0,0,0
1991,CFBD,639,107,1,0,0,30% (wk5),30% (wk5),0.3,Wisconsin,46,58,69,27,71,9,6,0,0,0
1992,CFBD,637,107,1,0,0,31% (wk5),31% (wk5),0.309,Kansas State,45,56,78,21,71,7,2,0,0,0
1993,CFBD,632,106,1,0,0,26% (wk4),26% (wk4),0.259,Oklahoma State,45,53,73,22,76,5,1,0,0,0
1994,CFBD,636,107,1,0,0,26% (wk4),26% (wk4),0.259,"Purdue, Toledo",47,55,74,21,57,5,2,0,0,0
1995,CFBD,640,108,1,0,0,27% (wk4),27% (wk4),0.27,New Mexico,49,54,89,12,53,4,1,0,0,0
1996,CFBD,662,111,1,0,0,25% (wk5),25% (wk5),0.251,East Carolina,48,58,83,19,91,7,0,0,0,0
1997,CFBD,666,112,1,0,0,23% (wk4),23% (wk4),0.23,"Alabama, California, Houston",48,58,78,23,88,4,0,0,0,0
1998,CFBD,674,112,1,0,0,27% (wk4),27% (wk4),0.27,Pittsburgh,42,60,69,29,75,5,1,0,0,0
1999,CFBD,686,114,1,0,0,24% (wk4),24% (wk4),0.241,"Arizona State, Army, Louisiana",51,58,76,22,57,2,0,0,0,0
2000,CFBD,702,116,1,0,0,37% (wk6),37% (wk6),0.37,Hawaii,53,57,71,30,80,5,1,0,0,0
2001,CFBD,709,117,1,0,0,26% (wk5),26% (wk5),0.26,Hawaii,55,58,84,24,86,5,1,0,0,0
2002,CFBD,772,117,1,0,0,28% (wk4),28% (wk4),0.28,Arizona,57,56,81,21,80,3,4,0,0,0
2003,workbook,771,117,1,0,0,25%,25%,0.25,"Mississippi State, Navy, Nevada",61,53,101,10,105,3,0,0,0,0
2004,workbook,707,117,1,0,2,never,24%,0.24,"Hawaii, USF",57,60,106,9,107,2,0,2,0,2
2005,workbook,718,119,1,0,0,28%,28%,0.28,"FIU, Kansas State, Marshall",66,51,102,11,108,5,4,0,0,0
2006,workbook,792,119,1,0,0,25%,25%,0.25,"New Mexico, New Mexico State",64,53,113,2,108,1,0,0,0,0
2007,workbook,798,119,1,0,0,31%,31%,0.31,"Central Michigan, Kansas, Purdue",67,50,111,2,107,0,4,0,0,0
2008,workbook,804,120,1,0,0,29%,29%,0.29,Florida State,58,60,108,6,112,2,1,0,0,0
2009,workbook,808,120,1,0,0,25%,25%,0.25,"Arizona State, Arkansas, Southern Miss",59,59,114,2,115,0,0,0,0,0
2010,workbook,808,120,1,0,0,26%,26%,0.26,"Air Force, Akron, BYU",58,60,113,3,103,3,24,0,0,0
2011,workbook,812,120,1,0,0,25%,25%,0.25,"Air Force, Baylor, Florida State",61,57,115,2,115,0,0,0,0,0
2012,workbook,840,124,1,0,0,26%,26%,0.26,"Oregon State, Wisconsin",66,56,114,6,114,2,2,0,0,0
2013,workbook,855,125,1,0,0,25%,25%,0.25,"Air Force, Akron, Alabama",68,55,117,4,117,2,0,0,0,0
2014,workbook,868,128,1,0,0,29%,29%,0.29,"North Carolina, San Diego State",66,60,118,6,117,4,12,0,0,0
2015,workbook,870,128,1,0,0,26%,26%,0.26,"Arkansas, Texas Tech, Toledo",68,58,121,4,121,1,10,0,0,0
2016,workbook,873,128,1,0,0,29%,29%,0.29,"Minnesota, Oregon State",65,60,124,1,120,1,9,0,0,0
2017,workbook,834,130,1,0,0,32%,32%,0.32,"FIU, UCF",63,64,115,12,123,2,23,0,0,0
2018,workbook,884,130,1,0,0,26%,26%,0.26,"Akron, Louisiana-Monroe, Southern Miss",66,61,123,3,123,0,3,0,0,0
2019,workbook,888,130,1,0,0,26%,26%,0.26,"Air Force, Arkansas, Colorado",73,55,126,0,122,0,10,0,0,0
2020,CFBD,570,128,2,1,0,never,never,,,44,81,64,57,32,53,3,41,7,31
2021,CFBD,887,130,1,0,0,28% (wk3),28% (wk3),0.28,"Arkansas State, Memphis, Charlotte",62,65,127,0,114,0,6,0,0,0
2022,CFBD,896,131,1,0,0,27% (wk3),27% (wk3),0.27,"California, UNLV",60,68,122,5,117,0,2,0,0,0
2023,CFBD,910,133,1,0,0,30% (wk3),30% (wk3),0.3,"Cincinnati, Pittsburgh",68,62,125,5,111,0,4,0,0,0
2024,CFBD,919,134,1,0,0,30% (wk3),30% (wk3),0.3,"Hawaii, UCLA",58,74,119,12,123,1,10,0,0,0
2025,CFBD,934,136,1,0,0,31% (wk3),31% (wk3),0.31,"Air Force, New Mexico State, Tulsa",68,65,127,6,117,0,6,0,0,0
2026,CFBD,260,138,2,9,0,never,never,,,21,115,35,99,55,78,91,42,132,0
