season,source,games,rated,loose_components_end,strict_orphans_end,zero_game_end,stable_from,orphan_free_from,orphan_free_share,last_orphan_before,orph@Nov 15,zero@Nov 15,orph@Nov 30,zero@Nov 30,orph@Dec 15,zero@Dec 15,orph@Dec 31,zero@Dec 31
2005,Classic/API,5031,326,1,0,1,never,2004-12-02,0.141,UTSA,29,294,1,1,0,1,0,1
2006,Classic/API,5172,326,1,0,1,never,2005-12-18,0.281,Alabama A&M,48,271,4,2,1,2,0,2
2007,Classic/API,5478,326,1,0,0,2006-11-23,2006-11-23,0.141,Grambling,282,27,0,0,0,0,0,0
2008,Classic/API,5590,328,1,0,1,never,2007-11-27,0.17,Florida International,284,14,0,1,0,1,0,1
2009,Classic/API,5726,330,1,0,1,never,2008-12-03,0.195,Alabama A&M,230,96,1,1,0,1,0,1
2010,Classic/API,5761,335,1,0,1,never,2009-12-01,0.192,South Carolina State,304,24,1,1,0,1,0,1
2011,Classic/API,5770,346,1,0,1,never,2010-12-15,0.3,New Orleans,318,20,1,1,0,1,0,1
2012,Classic/API,5663,345,1,0,1,never,2011-12-03,0.222,Texas State,323,10,1,1,0,1,0,1
2013,Classic/API,5765,347,2,0,1,never,2012-11-28,0.18,Bowling Green,303,4,0,1,0,1,0,1
2014,Classic/API,5948,351,2,0,0,2013-11-27,2013-11-27,0.188,"App State, Campbell, Cincinnati",178,0,0,0,0,0,0,0
2015,Classic/API,5932,351,1,0,0,2014-11-23,2014-11-23,0.117,"Eastern Illinois, Missouri State, UC Davis",299,48,0,0,0,0,0,0
2016,Classic/API,5951,351,1,0,0,2015-11-26,2015-11-26,0.154,"Detroit Mercy, Pittsburgh",330,12,0,0,0,0,0,0
2017,Classic/API,5964,351,1,0,0,2016-11-25,2016-11-25,0.16,North Dakota,335,2,0,0,0,0,0,0
2018,Classic/API,5968,351,1,0,0,2017-11-23,2017-11-23,0.149,Incarnate Word,327,4,0,0,0,0,0,0
2019,Classic/API,6049,353,1,0,0,2018-11-21,2018-11-21,0.153,Sacramento State,25,0,0,0,0,0,0,0
2020,Classic/API,5767,353,1,0,0,2019-11-16,2019-11-16,0.117,"Akron, West Virginia, Eastern Michigan",5,0,0,0,0,0,0,0
2021,Classic/API,4285,347,1,0,9,never,2021-01-10,0.419,UC San Diego,95,259,229,96,13,31,3,20
2022,Classic/API,5966,358,1,0,0,2021-11-20,2021-11-20,0.132,"Georgia Tech, Lamar, Miami (OH)",260,0,0,0,0,0,0,0
2023,Classic/API,6222,363,1,0,0,2022-11-19,2022-11-19,0.132,Coastal Carolina,62,0,0,0,0,0,0,0
2024,Classic/API,6243,362,1,0,0,2023-11-18,2023-11-18,0.126,"Eastern Kentucky, New Orleans",23,0,0,0,0,0,0,0
2025,Classic/API,6292,364,1,0,0,2024-11-17,2024-11-17,0.131,Alabama A&M,3,0,0,0,0,0,0,0
2026,Classic/API,6300,365,1,0,0,2025-11-16,2025-11-16,0.131,"New Mexico State, Northern Colorado",2,0,0,0,0,0,0,0
