cutoff,train_games,test_games,accuracy,mae,brier,classic_accuracy,home_field,season,half_life,ridge_mult
0.4,354,89,0.7415730337078652,13.912963862040794,0.20634714086944164,,3.1309549612029257,2021,,0.5
0.5,443,89,0.6853932584269663,13.925809555126756,0.20633187021531876,,2.7066753176934286,2021,,0.5
0.6,532,88,0.6704545454545454,11.906490310106362,0.20808887742775806,,2.557389851855923,2021,,0.5
0.7,620,89,0.7191011235955056,12.420726938782366,0.18391476875603532,,2.7007834334090863,2021,,0.5
0.8,709,89,0.7865168539325843,13.763019762038429,0.14171026128070371,,2.5629068083327007,2021,,0.5
0.4,358,90,0.6444444444444445,13.630633651977206,0.23110765409739173,,2.724762054513663,2022,,0.5
0.5,448,89,0.6629213483146067,13.444148242846584,0.21880745560462264,,2.670810356933999,2022,,0.5
0.6,537,90,0.6888888888888889,12.218608230470279,0.18564473747356244,,2.7736953710219097,2022,,0.5
0.7,627,89,0.6629213483146067,11.930921614879312,0.2192072687888837,,2.75241549757561,2022,,0.5
0.8,716,90,0.7666666666666667,13.520349416592062,0.18448965897745417,,2.582228642487089,2022,,0.5
0.4,364,91,0.7692307692307693,11.34759761908766,0.15160556603618092,,2.073144707709037,2023,,0.5
0.5,455,91,0.7032967032967034,13.686703755960616,0.19950661858250385,,2.3290766849312314,2023,,0.5
0.6,546,91,0.6813186813186813,15.318717630125173,0.21221806323710496,,2.2311546244721994,2023,,0.5
0.7,637,90,0.7111111111111111,12.899546029020616,0.19687808497780573,,2.238337820655341,2023,,0.5
0.8,728,91,0.7582417582417582,12.17986975061926,0.1646878411683544,,2.4735444536117455,2023,,0.5
0.4,367,92,0.6086956521739131,14.448308717193596,0.23201057461387434,,2.3192384750419,2024,,0.5
0.5,459,92,0.6847826086956522,12.394025617440661,0.20250669889321535,,2.020944510485116,2024,,0.5
0.6,551,92,0.7282608695652174,12.857744028931045,0.16954747490171823,,2.1276117757140067,2024,,0.5
0.7,643,92,0.7391304347826086,12.796951156593083,0.1941195127503157,,2.640014139511014,2024,,0.5
0.8,735,92,0.7065217391304348,13.030169765853007,0.1980924551233567,,2.8317784731327946,2024,,0.5
0.4,373,94,0.7553191489361702,11.529073948372215,0.17223080814359246,,3.7292608184700264,2025,,0.5
0.5,467,93,0.7096774193548387,13.686228546471215,0.22054185296234682,,3.854010224138642,2025,,0.5
0.6,560,93,0.7741935483870968,12.21163248086738,0.17186099931751755,,3.6059863417031788,2025,,0.5
0.7,653,94,0.6914893617021277,12.802940842399025,0.20776273056312933,,3.8328895854623815,2025,,0.5
0.8,747,93,0.8172043010752689,12.455691429452605,0.12451175739013212,,3.7214945317187462,2025,,0.5
0.4,354,89,0.7303370786516854,13.798820261062268,0.2050956070982508,,3.3689373347983285,2021,,0.75
0.5,443,89,0.6741573033707865,13.705973274285085,0.20533275050895922,,2.9149080127239944,2021,,0.75
0.6,532,88,0.6704545454545454,12.071229611988677,0.20783284987069373,,2.7454936714162455,2021,,0.75
0.7,620,89,0.7415730337078652,12.407531792871948,0.18096785503239918,,2.87936334153458,2021,,0.75
0.8,709,89,0.7752808988764045,13.961355252814744,0.14567963946256587,,2.695191341263439,2021,,0.75
0.4,358,90,0.6777777777777778,13.414655351050133,0.22185510080391155,,2.972804339734908,2022,,0.75
0.5,448,89,0.6741573033707865,13.356962216806444,0.21505472349522065,,2.907783478040351,2022,,0.75
0.6,537,90,0.7222222222222222,12.091135208102544,0.18360738824109582,,2.937647100823853,2022,,0.75
0.7,627,89,0.651685393258427,11.976701013204854,0.22099861221604153,,2.9093124921551263,2022,,0.75
0.8,716,90,0.7333333333333333,13.768708436445788,0.1843184636628935,,2.7202136345578976,2022,,0.75
0.4,364,91,0.7582417582417582,11.220460409517507,0.15210857595241623,,2.2510895012135803,2023,,0.75
0.5,455,91,0.7142857142857143,13.450338410056302,0.19207364356112666,,2.4381826801118005,2023,,0.75
0.6,546,91,0.6703296703296703,15.286261353461805,0.2115488414328447,,2.3249010392071523,2023,,0.75
0.7,637,90,0.7,13.104468439958175,0.20142597682946925,,2.312791262144473,2023,,0.75
0.8,728,91,0.7472527472527473,12.145763455826268,0.1625369122619984,,2.524211578071137,2023,,0.75
0.4,367,92,0.6195652173913043,14.730159682939771,0.2357014209168231,,2.4333634030316227,2024,,0.75
0.5,459,92,0.6630434782608695,12.388544449085462,0.20426271380328717,,2.058968413910403,2024,,0.75
0.6,551,92,0.717391304347826,12.817715165272345,0.16941448730007028,,2.1743594437961686,2024,,0.75
0.7,643,92,0.7391304347826086,12.525942209499375,0.19119422701658637,,2.6705698349951064,2024,,0.75
0.8,735,92,0.6956521739130435,12.913232395328023,0.19189525061668264,,2.862309869969794,2024,,0.75
0.4,373,94,0.7446808510638298,11.381103676926632,0.175743568677391,,3.9016315465761853,2025,,0.75
0.5,467,93,0.6774193548387096,13.617449442783723,0.2150826100273136,,4.034613030821821,2025,,0.75
0.6,560,93,0.7849462365591398,12.314144907247277,0.17278351034055725,,3.7246269551752476,2025,,0.75
0.7,653,94,0.6808510638297872,12.845996476945615,0.2069312253922258,,3.9003515477510127,2025,,0.75
0.8,747,93,0.8064516129032258,12.646279005356163,0.12860544771925866,,3.7680927086794958,2025,,0.75
0.4,354,89,0.7078651685393258,13.809558046165442,0.20516789840786454,,3.582270403428904,2021,,1.0
0.5,443,89,0.6966292134831461,13.640393092232781,0.20541908043385268,,3.0971592086113,2021,,1.0
0.6,532,88,0.6704545454545454,12.207631298743733,0.20820802165179292,,2.904282372431101,2021,,1.0
0.7,620,89,0.7415730337078652,12.41359154329704,0.17953462792954814,,3.0305742533893114,2021,,1.0
0.8,709,89,0.7640449438202247,14.195646480296585,0.14980430616756313,,2.8064127251395674,2021,,1.0
0.4,358,90,0.6666666666666666,13.344030219897041,0.2166931117540905,,3.2253677278664723,2022,,1.0
0.5,448,89,0.6741573033707865,13.369822505168703,0.21356391907733008,,3.1399544712950536,2022,,1.0
0.6,537,90,0.7444444444444445,12.03307333386749,0.18333857412760654,,3.1093315300314246,2022,,1.0
0.7,627,89,0.651685393258427,12.058600349032247,0.22311446719820283,,3.0668354152746677,2022,,1.0
0.8,716,90,0.7444444444444445,13.987447113110251,0.18470283769746157,,2.856655940201598,2022,,1.0
0.4,364,91,0.7692307692307693,11.247002730888395,0.15322899899628276,,2.408154059389605,2023,,1.0
0.5,455,91,0.7362637362637363,13.321708421390598,0.18732959642593203,,2.549230446604553,2023,,1.0
0.6,546,91,0.6813186813186813,15.2694784376983,0.21141587697713204,,2.4151659040584503,2023,,1.0
0.7,637,90,0.6444444444444445,13.246523184029416,0.20539029822881408,,2.3860858510949337,2023,,1.0
0.8,728,91,0.7362637362637363,12.115210287430697,0.16109662478781886,,2.579156940197283,2023,,1.0
0.4,367,92,0.6086956521739131,14.937848497330872,0.23836913632052345,,2.5498725700892475,2024,,1.0
0.5,459,92,0.6630434782608695,12.514471525452938,0.20636496357140532,,2.1171001127041205,2024,,1.0
0.6,551,92,0.7282608695652174,12.829557765519112,0.17070349264038892,,2.2298115946978525,2024,,1.0
0.7,643,92,0.7065217391304348,12.316889496491843,0.19009538609033053,,2.7129965672614675,2024,,1.0
0.8,735,92,0.7065217391304348,12.82796985197701,0.1874308566097736,,2.896561865083285,2024,,1.0
0.4,373,94,0.7659574468085106,11.288721806050047,0.17751141036450768,,4.039365752689083,2025,,1.0
0.5,467,93,0.6774193548387096,13.576944894011987,0.21213961789268898,,4.1795354993240235,2025,,1.0
0.6,560,93,0.7634408602150538,12.426809340873552,0.17385528262890018,,3.8232137101147807,2025,,1.0
0.7,653,94,0.6808510638297872,12.901896253460578,0.20701253093523214,,3.9601958854547457,2025,,1.0
0.8,747,93,0.7956989247311828,12.790984562236073,0.1328098086927885,,3.8094683550301314,2025,,1.0
0.4,354,89,0.6629213483146067,13.904572925185414,0.20577187996485638,,3.9325087879924743,2021,,1.5
0.5,443,89,0.6629213483146067,13.78769928760071,0.20646894691639583,,3.393931319081794,2021,,1.5
0.6,532,88,0.6477272727272727,12.46472682798909,0.2095706219280475,,3.157297917174701,2021,,1.5
0.7,620,89,0.6966292134831461,12.427115258803545,0.1792360555892496,,3.272601160456379,2021,,1.5
0.8,709,89,0.7640449438202247,14.587517732991017,0.15736825518468758,,2.9835352283068746,2021,,1.5
0.4,358,90,0.6777777777777778,13.292179173693356,0.21209987184787024,,3.695196870251507,2022,,1.5
0.5,448,89,0.6629213483146067,13.529897640564375,0.21280474309493666,,3.5644067409828675,2022,,1.5
0.6,537,90,0.7222222222222222,11.958150180793615,0.1845269616911844,,3.4359334367262706,2022,,1.5
0.7,627,89,0.6404494382022472,12.306045521060305,0.22687125277063064,,3.3633082325645898,2022,,1.5
0.8,716,90,0.7111111111111111,14.375272842210961,0.18653993643665986,,3.110879925938405,2022,,1.5
0.4,364,91,0.7582417582417582,11.448566250290007,0.1561605074866998,,2.721267683454719,2023,,1.5
0.5,455,91,0.7362637362637363,13.224941091379783,0.18240787577410833,,2.7902349411104153,2023,,1.5
0.6,546,91,0.6703296703296703,15.25762262181606,0.21159231679308513,,2.6094379848963096,2023,,1.5
0.7,637,90,0.6222222222222222,13.530360136525289,0.21319840882955066,,2.5466955400750133,2023,,1.5
0.8,728,91,0.7472527472527473,12.17099941136028,0.16009036447790578,,2.712053713072717,2023,,1.5
0.4,367,92,0.6086956521739131,15.255322647468365,0.24273038289197857,,2.809819435951134,2024,,1.5
0.5,459,92,0.6521739130434783,12.760013063457198,0.2106523507800548,,2.29319803238853,2024,,1.5
0.6,551,92,0.7282608695652174,12.90439157655876,0.17466751129532848,,2.3800713250437533,2024,,1.5
0.7,643,92,0.7065217391304348,12.0852323493158,0.19104167725321308,,2.839358008518596,2024,,1.5
0.8,735,92,0.6847826086956522,12.72656267969915,0.182614990980064,,2.9941329024323036,2024,,1.5
0.4,373,94,0.7446808510638298,11.176176580224356,0.17974292392629948,,4.292835968689897,2025,,1.5
0.5,467,93,0.6559139784946236,13.668334974705711,0.2099847311179563,,4.431195056486993,2025,,1.5
0.6,560,93,0.7419354838709677,12.602140709441377,0.17582814183706372,,4.009706607405665,2025,,1.5
0.7,653,94,0.6595744680851063,13.008171467816545,0.2081715772237013,,4.086584432763595,2025,,1.5
0.8,747,93,0.7849462365591398,13.129102891806621,0.14056520570884107,,3.90261786837808,2025,,1.5
0.4,354,89,0.7415730337078652,13.853447065862134,0.20536998338845475,,3.251426814727621,2021,1.0,0.5
0.5,443,89,0.6966292134831461,13.79112434419779,0.20720055343145044,,2.8122380499880593,2021,1.0,0.5
0.6,532,88,0.6704545454545454,12.046980650954207,0.21121633945921053,,2.7053638950839027,2021,1.0,0.5
0.7,620,89,0.7191011235955056,12.42902431479951,0.18547832455633387,,2.843069478810108,2021,1.0,0.5
0.8,709,89,0.7865168539325843,13.581323590957606,0.1410871426080256,,2.6789854617345354,2021,1.0,0.5
0.4,358,90,0.6444444444444445,13.609470811255578,0.22714992560589667,,2.9650640778752786,2022,1.0,0.5
0.5,448,89,0.6629213483146067,13.492113612943756,0.21712416006859817,,2.873322316839255,2022,1.0,0.5
0.6,537,90,0.7,12.343730871636899,0.18614179392676963,,2.9864804134917637,2022,1.0,0.5
0.7,627,89,0.6292134831460674,12.073312172413155,0.22307926628157074,,2.9276412712720616,2022,1.0,0.5
0.8,716,90,0.7333333333333333,13.677817141320293,0.18523882493484206,,2.7045905598465225,2022,1.0,0.5
0.4,364,91,0.7802197802197802,11.312603089380348,0.15281874288484704,,2.2739907078378225,2023,1.0,0.5
0.5,455,91,0.7032967032967034,13.504661477242085,0.19679726280828516,,2.5058810782373464,2023,1.0,0.5
0.6,546,91,0.6813186813186813,15.25182341672306,0.21282239140877546,,2.3726151466488457,2023,1.0,0.5
0.7,637,90,0.7,13.049165834299975,0.19959707960681108,,2.349829288479043,2023,1.0,0.5
0.8,728,91,0.7472527472527473,12.025470712276494,0.16147397365915664,,2.6124632027036703,2023,1.0,0.5
0.4,367,92,0.6195652173913043,14.530897507100757,0.2329308824503069,,2.556045157439366,2024,1.0,0.5
0.5,459,92,0.6630434782608695,12.251918228773578,0.19872700571075902,,2.171850803358811,2024,1.0,0.5
0.6,551,92,0.7391304347826086,12.754895081460631,0.16753106499949763,,2.290830208056595,2024,1.0,0.5
0.7,643,92,0.7282608695652174,12.74938833045862,0.19302782718437014,,2.8208938851723873,2024,1.0,0.5
0.8,735,92,0.6956521739130435,12.780783885022464,0.19124059755997025,,3.027002952494903,2024,1.0,0.5
0.4,373,94,0.7446808510638298,11.509025652207702,0.1736489844061309,,3.8259390802148414,2025,1.0,0.5
0.5,467,93,0.7096774193548387,13.459770770669795,0.211830414242952,,3.981778925582949,2025,1.0,0.5
0.6,560,93,0.7849462365591398,12.39987282382022,0.17058040616207543,,3.705198376032857,2025,1.0,0.5
0.7,653,94,0.6808510638297872,12.89609554639031,0.20709019369739295,,3.956806081965131,2025,1.0,0.5
0.8,747,93,0.7849462365591398,12.686134979563418,0.12941120123254393,,3.7776495394625234,2025,1.0,0.5
0.4,354,89,0.6966292134831461,13.787463812373831,0.20450762894607075,,3.5552410492764586,2021,1.0,0.75
0.5,443,89,0.6741573033707865,13.657675884924231,0.20646755883728082,,3.0599081183503025,2021,1.0,0.75
0.6,532,88,0.6590909090909091,12.262758325486352,0.2121298627683804,,2.912300340532912,2021,1.0,0.75
0.7,620,89,0.7528089887640449,12.394582696989405,0.18264522209430767,,3.0384190132779194,2021,1.0,0.75
0.8,709,89,0.7865168539325843,13.86694577875058,0.14657103585000206,,2.808840430944791,2021,1.0,0.75
0.4,358,90,0.6777777777777778,13.446891005781222,0.21905634404827773,,3.2782575662454816,2022,1.0,0.75
0.5,448,89,0.6853932584269663,13.410645792949435,0.21413429785413265,,3.1656961197806774,2022,1.0,0.75
0.6,537,90,0.7111111111111111,12.248438137423149,0.18517312515004333,,3.195114996880717,2022,1.0,0.75
0.7,627,89,0.6292134831460674,12.128037287709123,0.22513295741382977,,3.1247946937196396,2022,1.0,0.75
0.8,716,90,0.7222222222222222,13.962385305949212,0.18535678914233522,,2.8720327678381596,2022,1.0,0.75
0.4,364,91,0.7692307692307693,11.302815504240625,0.1542781022675927,,2.5029042733988476,2023,1.0,0.75
0.5,455,91,0.7142857142857143,13.309236533758504,0.19007465270136487,,2.6630825328723127,2023,1.0,0.75
0.6,546,91,0.6813186813186813,15.224194782240872,0.212388611801532,,2.5010022459441372,2023,1.0,0.75
0.7,637,90,0.6666666666666666,13.249466494229207,0.20555163632891857,,2.4533771270966915,2023,1.0,0.75
0.8,728,91,0.7472527472527473,11.99244913206802,0.1593177375195658,,2.688712583345812,2023,1.0,0.75
0.4,367,92,0.6086956521739131,14.84094279236949,0.2372030007747929,,2.719755749167964,2024,1.0,0.75
0.5,459,92,0.6630434782608695,12.322184476676737,0.20106639176944793,,2.2376387556161887,2024,1.0,0.75
0.6,551,92,0.7391304347826086,12.76877208424323,0.16823529197888856,,2.3699520458039824,2024,1.0,0.75
0.7,643,92,0.7282608695652174,12.45344684005594,0.1907842607923451,,2.88089737731607,2024,1.0,0.75
0.8,735,92,0.7065217391304348,12.712228246621885,0.18522687036409166,,3.0817334788277666,2024,1.0,0.75
0.4,373,94,0.7446808510638298,11.379144523942491,0.17672789650889392,,4.034522111301041,2025,1.0,0.75
0.5,467,93,0.6774193548387096,13.40600130877001,0.20676743591548713,,4.193674724830444,2025,1.0,0.75
0.6,560,93,0.7849462365591398,12.477052412930405,0.17162754181049095,,3.838553644662471,2025,1.0,0.75
0.7,653,94,0.6702127659574468,12.953813704880783,0.20744069590687184,,4.033989532849594,2025,1.0,0.75
0.8,747,93,0.7956989247311828,12.907164691603809,0.1352665281167524,,3.831029803064434,2025,1.0,0.75
0.4,354,89,0.6853932584269663,13.793255708977604,0.20444227168317122,,3.7668556270798126,2021,1.0,1.0
0.5,443,89,0.6853932584269663,13.675858018249382,0.20678161108653523,,3.230675910718263,2021,1.0,1.0
0.6,532,88,0.6363636363636364,12.470543938320047,0.2133865300555985,,3.050436408688295,2021,1.0,1.0
0.7,620,89,0.7303370786516854,12.368576916463391,0.18163296723331807,,3.174506636450152,2021,1.0,1.0
0.8,709,89,0.7640449438202247,14.153989027677401,0.1519026002680545,,2.891658687751021,2021,1.0,1.0
0.4,358,90,0.6777777777777778,13.395518751735024,0.214810503707261,,3.549704874378095,2022,1.0,1.0
0.5,448,89,0.6741573033707865,13.457372888422924,0.21309737644324037,,3.4138273027458292,2022,1.0,1.0
0.6,537,90,0.7111111111111111,12.210754439604537,0.18547486111156325,,3.380010951245908,2022,1.0,1.0
0.7,627,89,0.6404494382022472,12.245264042206692,0.22721875829149143,,3.2951118819084315,2022,1.0,1.0
0.8,716,90,0.7,14.209363146325058,0.18602182767429198,,3.0157440962636892,2022,1.0,1.0
0.4,364,91,0.7692307692307693,11.381253877742333,0.15541747568751468,,2.7023551656376283,2023,1.0,1.0
0.5,455,91,0.7252747252747253,13.219872311221781,0.18616110753443194,,2.813568888469977,2023,1.0,1.0
0.6,546,91,0.6813186813186813,15.220652577427028,0.2124079537540575,,2.6193799298984555,2023,1.0,1.0
0.7,637,90,0.6333333333333333,13.371285146654904,0.2101485502869715,,2.5498954834824654,2023,1.0,1.0
0.8,728,91,0.7472527472527473,11.97272485941444,0.15792994367221463,,2.766635975701233,2023,1.0,1.0
0.4,367,92,0.6195652173913043,15.071062026376705,0.24009142144701812,,2.8784815001580997,2024,1.0,1.0
0.5,459,92,0.6521739130434783,12.518896828955903,0.20391214627433088,,2.325368692740642,2024,1.0,1.0
0.6,551,92,0.7391304347826086,12.79977424893642,0.17026233792226805,,2.4556312798893076,2024,1.0,1.0
0.7,643,92,0.6956521739130435,12.217651611660079,0.19058648674988832,,2.952388858954958,2024,1.0,1.0
0.8,735,92,0.6956521739130435,12.661085803550147,0.18167244547761421,,3.1393340232064655,2024,1.0,1.0
0.4,373,94,0.7553191489361702,11.27669443442054,0.1782445153381576,,4.215783416830973,2025,1.0,1.0
0.5,467,93,0.6559139784946236,13.442592017980726,0.20472827924094716,,4.371354161112897,2025,1.0,1.0
0.6,560,93,0.7419354838709677,12.60223053064778,0.17275005190366904,,3.9588419716659766,2025,1.0,1.0
0.7,653,94,0.6702127659574468,13.016368304527754,0.20794445128138545,,4.109757569549199,2025,1.0,1.0
0.8,747,93,0.7849462365591398,13.110413830753577,0.14046387242007471,,3.886025217419324,2025,1.0,1.0
0.4,354,89,0.6629213483146067,13.828673141828483,0.2048563435538054,,4.122185949505197,2021,1.0,1.5
0.5,443,89,0.6292134831460674,13.863243485448086,0.20782930417572584,,3.5174315931667475,2021,1.0,1.5
0.6,532,88,0.6022727272727273,12.782974561733583,0.21582583431088553,,3.2789838008556105,2021,1.0,1.5
0.7,620,89,0.7191011235955056,12.454395848233451,0.18241390148908573,,3.398813490016111,2021,1.0,1.5
0.8,709,89,0.7640449438202247,14.596318224576622,0.1608583108878464,,3.0319657170945216,2021,1.0,1.5
0.4,358,90,0.6888888888888889,13.351906310065273,0.21134833045496718,,4.045874547431204,2022,1.0,1.5
0.5,448,89,0.6853932584269663,13.539567904864743,0.21275761171417237,,3.855275842110806,2022,1.0,1.5
0.6,537,90,0.7222222222222222,12.127602110541021,0.18701458317464592,,3.718011957289757,2022,1.0,1.5
0.7,627,89,0.6292134831460674,12.565015041654032,0.2305195651279101,,3.60356096649454,2022,1.0,1.5
0.8,716,90,0.7,14.593356863498403,0.18864891691855676,,3.2750586686487804,2022,1.0,1.5
0.4,364,91,0.7582417582417582,11.597551056231108,0.15845396106761925,,3.079355023494174,2023,1.0,1.5
0.5,455,91,0.7252747252747253,13.236454249334882,0.18301659736168177,,3.1081586099039082,2023,1.0,1.5
0.6,546,91,0.6703296703296703,15.185280472765129,0.21271912663630085,,2.851505888726519,2023,1.0,1.5
0.7,637,90,0.6222222222222222,13.66121423720565,0.21907528490542805,,2.7427102102243066,2023,1.0,1.5
0.8,728,91,0.7362637362637363,12.095163657913142,0.15770853189862952,,2.932711338811411,2023,1.0,1.5
0.4,367,92,0.5978260869565217,15.457765395910313,0.24450530790828276,,3.2241334305087195,2024,1.0,1.5
0.5,459,92,0.6195652173913043,12.772281565121768,0.20927304154288803,,2.5727254152743866,2024,1.0,1.5
0.6,551,92,0.7391304347826086,12.887326687078763,0.17540915537049037,,2.6690285750103935,2024,1.0,1.5
0.7,643,92,0.6521739130434783,12.053797184070858,0.1932659301456368,,3.140544513535078,2024,1.0,1.5
0.8,735,92,0.7065217391304348,12.647390732767063,0.1793427807662793,,3.288125888011084,2024,1.0,1.5
0.4,373,94,0.7553191489361702,11.19112935425541,0.18044760765012166,,4.561188736544601,2025,1.0,1.5
0.5,467,93,0.6666666666666666,13.506689941257047,0.20425300004481267,,4.691317061028612,2025,1.0,1.5
0.6,560,93,0.7311827956989247,12.736536257373238,0.17489951254626937,,4.197602775189385,2025,1.0,1.5
0.7,653,94,0.648936170212766,13.096463153810008,0.20960433788687483,,4.27617682284377,2025,1.0,1.5
0.8,747,93,0.7849462365591398,13.461393382573029,0.14917276245309194,,4.01444771339191,2025,1.0,1.5
0.4,354,89,0.7303370786516854,13.824491208220973,0.205190966795216,,3.3848141971996366,2021,0.6,0.5
0.5,443,89,0.6853932584269663,13.710080714812962,0.20780382935463532,,2.92245378404409,2021,0.6,0.5
0.6,532,88,0.6590909090909091,12.17101191667342,0.21429573300127866,,2.829654136942093,2021,0.6,0.5
0.7,620,89,0.7191011235955056,12.431379868712558,0.18659960528242198,,2.94797675683812,2021,0.6,0.5
0.8,709,89,0.7865168539325843,13.525831672065744,0.1411834232817421,,2.7541308267261897,2021,0.6,0.5
0.4,358,90,0.6555555555555556,13.601766485579118,0.22503729297855116,,3.1646410870820083,2022,0.6,0.5
0.5,448,89,0.6741573033707865,13.533971075603224,0.2161566999371513,,3.0379003445232264,2022,0.6,0.5
0.6,537,90,0.7222222222222222,12.441906249060898,0.1875266816705064,,3.151320618406126,2022,0.6,0.5
0.7,627,89,0.6404494382022472,12.173692986711988,0.22584894661214988,,3.0548425612529133,2022,0.6,0.5
0.8,716,90,0.7444444444444445,13.801243056761377,0.18587474134477722,,2.786432996000417,2022,0.6,0.5
0.4,364,91,0.7912087912087912,11.317180225576351,0.15387442253859718,,2.455184866424835,2023,0.6,0.5
0.5,455,91,0.7142857142857143,13.42127605265101,0.19568034356947403,,2.6571181220462585,2023,0.6,0.5
0.6,546,91,0.6813186813186813,15.21316537745524,0.2134508661403193,,2.488454253705568,2023,0.6,0.5
0.7,637,90,0.6666666666666666,13.179327966686753,0.20177792993320334,,2.4391702112322964,2023,0.6,0.5
0.8,728,91,0.7582417582417582,11.93777785371021,0.1594913047571746,,2.7177054473939064,2023,0.6,0.5
0.4,367,92,0.6195652173913043,14.609856100325741,0.2338527898982454,,2.7473447790666827,2024,0.6,0.5
0.5,459,92,0.6739130434782609,12.172053467555845,0.1965933141559699,,2.2923243026901092,2024,0.6,0.5
0.6,551,92,0.75,12.740124600439849,0.16674369094640976,,2.4193116798314898,2024,0.6,0.5
0.7,643,92,0.7282608695652174,12.708912514899533,0.1928856535383631,,2.950129318402519,2024,0.6,0.5
0.8,735,92,0.6956521739130435,12.658815525707217,0.1873758158268059,,3.161404420501868,2024,0.6,0.5
0.4,373,94,0.7553191489361702,11.529311366365219,0.17462627584028934,,3.92288190104765,2025,0.6,0.5
0.5,467,93,0.6989247311827957,13.329612697030774,0.20640439234490243,,4.089433305145037,2025,0.6,0.5
0.6,560,93,0.7956989247311828,12.545185096193032,0.17027799286233056,,3.782966173380634,2025,0.6,0.5
0.7,653,94,0.6808510638297872,12.957465963217434,0.20726557150350275,,4.0466011807208595,2025,0.6,0.5
0.8,747,93,0.7849462365591398,12.83368278491717,0.13322209265470922,,3.811296409238654,2025,0.6,0.5
0.4,354,89,0.6966292134831461,13.784995442215711,0.2042521371478299,,3.6777309275139567,2021,0.6,0.75
0.5,443,89,0.6741573033707865,13.659923396667123,0.20734728934293337,,3.1504548629009514,2021,0.6,0.75
0.6,532,88,0.6363636363636364,12.438838135487753,0.215999439202878,,3.0098974858343643,2021,0.6,0.75
0.7,620,89,0.7303370786516854,12.381506478174567,0.18393912515491068,,3.1234998428004896,2021,0.6,0.75
0.8,709,89,0.797752808988764,13.835377270402585,0.14772949824332315,,2.8514943017419894,2021,0.6,0.75
0.4,358,90,0.6666666666666666,13.474556935135439,0.21759667517189551,,3.483634627806749,2022,0.6,0.75
0.5,448,89,0.6853932584269663,13.465840168859009,0.21364305938251638,,3.336331378529924,2022,0.6,0.75
0.6,537,90,0.7,12.389923501381004,0.18694277261376271,,3.3635679067804642,2022,0.6,0.75
0.7,627,89,0.6292134831460674,12.231044092267082,0.22784768758100565,,3.255058795095206,2022,0.6,0.75
0.8,716,90,0.7111111111111111,14.096576729793851,0.18615930738610117,,2.9513654446949196,2022,0.6,0.75
0.4,364,91,0.7802197802197802,11.404797848761094,0.15550474866002276,,2.710258821055294,2023,0.6,0.75
0.5,455,91,0.7142857142857143,13.237726707014005,0.1894861802735316,,2.8399904344210922,2023,0.6,0.75
0.6,546,91,0.6813186813186813,15.192875654597698,0.21318014676233907,,2.6328702447800447,2023,0.6,0.75
0.7,637,90,0.6444444444444445,13.362568802100894,0.20821548426353348,,2.5556762048664483,2023,0.6,0.75
0.8,728,91,0.7692307692307693,11.928853812973463,0.15724149044611854,,2.806524058198959,2023,0.6,0.75
0.4,367,92,0.6086956521739131,14.917410660784373,0.23841867408319475,,2.9420148640916493,2024,0.6,0.75
0.5,459,92,0.6630434782608695,12.309176087209918,0.19961847836871865,,2.375432798796856,2024,0.6,0.75
0.6,551,92,0.7391304347826086,12.780789099501071,0.16800237918350738,,2.5193035754854174,2024,0.6,0.75
0.7,643,92,0.717391304347826,12.388359460645296,0.19115678836930114,,3.029104601495864,2024,0.6,0.75
0.8,735,92,0.717391304347826,12.622269714268826,0.1819359180825218,,3.231242536977123,2024,0.6,0.75
0.4,373,94,0.7446808510638298,11.376087474288378,0.17734517886968973,,4.166769847447681,2025,0.6,0.75
0.5,467,93,0.6774193548387096,13.306909822502563,0.20207239104439143,,4.328518947002574,2025,0.6,0.75
0.6,560,93,0.7741935483870968,12.601474552626696,0.17132488925024847,,3.931860888973635,2025,0.6,0.75
0.7,653,94,0.6702127659574468,13.028786532537433,0.20799654817242857,,4.1341065170411335,2025,0.6,0.75
0.8,747,93,0.7956989247311828,13.077470647314984,0.14000216600331586,,3.872852930618373,2025,0.6,0.75
0.4,354,89,0.6853932584269663,13.786586700434905,0.20417393183962151,,3.9063177475422135,2021,0.6,1.0
0.5,443,89,0.6853932584269663,13.720938366987966,0.2076925388238408,,3.327580258251947,2021,0.6,1.0
0.6,532,88,0.6363636363636364,12.692548422178534,0.21775966991332887,,3.145349587964312,2021,0.6,1.0
0.7,620,89,0.7078651685393258,12.366717108831283,0.18329423443792656,,3.2591100196188103,2021,0.6,1.0
0.8,709,89,0.7752808988764045,14.12915963565442,0.15370145499007373,,2.923165238796777,2021,0.6,1.0
0.4,358,90,0.6666666666666666,13.427183407919852,0.21399064778012383,,3.7704278853384063,2022,0.6,1.0
0.5,448,89,0.6853932584269663,13.530175275901787,0.21284197764654084,,3.594979627546955,2022,0.6,1.0
0.6,537,90,0.7,12.337795585633852,0.1873089092053336,,3.5539887555744043,2022,0.6,1.0
0.7,627,89,0.6179775280898876,12.396379050231108,0.22969992747053872,,3.43042372154447,2022,0.6,1.0
0.8,716,90,0.7,14.339665774010832,0.18721975922870443,,3.095532192891874,2022,0.6,1.0
0.4,364,91,0.7582417582417582,11.473095254191744,0.15679917702440005,,2.9385467318531306,2023,0.6,1.0
0.5,455,91,0.7032967032967034,13.206415478322905,0.18612573452418715,,3.0137852426139182,2023,0.6,1.0
0.6,546,91,0.6703296703296703,15.17272586533982,0.21323738006207021,,2.767025125798502,2023,0.6,1.0
0.7,637,90,0.6222222222222222,13.4860046075218,0.21344275680807295,,2.665418203504831,2023,0.6,1.0
0.8,728,91,0.7692307692307693,11.934948504115892,0.15604426367725766,,2.897711344457434,2023,0.6,1.0
0.4,367,92,0.6086956521739131,15.199431093054555,0.24136779951817602,,3.140294291410027,2024,0.6,1.0
0.5,459,92,0.6739130434782609,12.525398825693951,0.2029561834835959,,2.493925465896594,2024,0.6,1.0
0.6,551,92,0.7391304347826086,12.800728429582694,0.17051879889561072,,2.6328784893723074,2024,0.6,1.0
0.7,643,92,0.6956521739130435,12.134016961194137,0.19164492118135912,,3.1261247787344484,2024,0.6,1.0
0.8,735,92,0.7065217391304348,12.56822768751984,0.17923827063487824,,3.3100044473909604,2024,0.6,1.0
0.4,373,94,0.7553191489361702,11.259673169678122,0.1785572378056909,,4.387218744535941,2025,0.6,1.0
0.5,467,93,0.6451612903225806,13.346639141358102,0.20086730752225163,,4.536244748742283,2025,0.6,1.0
0.6,560,93,0.7419354838709677,12.723592219384157,0.17245954776040495,,4.073229821167304,2025,0.6,1.0
0.7,653,94,0.648936170212766,13.073660766983886,0.20844441241847414,,4.224711052697304,2025,0.6,1.0
0.8,747,93,0.7849462365591398,13.305861704216404,0.14542479651874737,,3.9404455502846885,2025,0.6,1.0
0.4,354,89,0.651685393258427,13.79783109828501,0.20431207240052235,,4.224997117659377,2021,0.6,1.5
0.5,443,89,0.6179775280898876,13.908189923534636,0.20867004862300978,,3.5726339850170636,2021,0.6,1.5
0.6,532,88,0.6136363636363636,13.014439369410745,0.2207858938154061,,3.328437797528441,2021,0.6,1.5
0.7,620,89,0.7303370786516854,12.520498001040094,0.18484505361668052,,3.4497856502436908,2021,0.6,1.5
0.8,709,89,0.7640449438202247,14.606051185433158,0.16338841951976232,,3.018975961013114,2021,0.6,1.5
0.4,358,90,0.6777777777777778,13.402089227351889,0.21092426407770618,,4.244719506946135,2022,0.6,1.5
0.5,448,89,0.6966292134831461,13.539410947112804,0.2127307003674903,,4.009847823195279,2022,0.6,1.5
0.6,537,90,0.7111111111111111,12.2284861714233,0.18869428114707576,,3.868426005463087,2022,0.6,1.5
0.7,627,89,0.6292134831460674,12.736149372789711,0.23258388035281907,,3.716504555551616,2022,0.6,1.5
0.8,716,90,0.7111111111111111,14.68722078304861,0.19019170914513467,,3.3329147878288596,2022,0.6,1.5
0.4,364,91,0.7582417582417582,11.689066654935214,0.15952283850169496,,3.3127911139611363,2023,0.6,1.5
0.5,455,91,0.7142857142857143,13.283222442236868,0.1843181721995407,,3.305381266730213,2023,0.6,1.5
0.6,546,91,0.6923076923076923,15.121428248631165,0.21353793916945094,,2.9888179748483994,2023,0.6,1.5
0.7,637,90,0.6222222222222222,13.733695750480528,0.22219184081066468,,2.849347092909485,2023,0.6,1.5
0.8,728,91,0.7582417582417582,12.034516439020745,0.15657938922281062,,3.0585430468387655,2023,0.6,1.5
0.4,367,92,0.6195652173913043,15.58616354814405,0.245596062588139,,3.5058859888437404,2024,0.6,1.5
0.5,459,92,0.6304347826086957,12.77981843042291,0.20918262545270208,,2.757683312262863,2024,0.6,1.5
0.6,551,92,0.7391304347826086,12.88994035258822,0.17654118719705988,,2.858924926205897,2024,0.6,1.5
0.7,643,92,0.6413043478260869,12.066577234394206,0.19513488825233674,,3.3316417972325745,2024,0.6,1.5
0.8,735,92,0.717391304347826,12.684021359047906,0.17910340309011205,,3.468985832198366,2024,0.6,1.5
0.4,373,94,0.7340425531914894,11.29121520283199,0.18117169370252464,,4.782544249464179,2025,0.6,1.5
0.5,467,93,0.6881720430107527,13.397339976953045,0.20145746825076682,,4.886971816570446,2025,0.6,1.5
0.6,560,93,0.7526881720430108,12.807200949245672,0.17495033316763126,,4.3332495175232335,2025,0.6,1.5
0.7,653,94,0.648936170212766,13.169010717108549,0.21100465882992073,,4.405339279394342,2025,0.6,1.5
0.8,747,93,0.7741935483870968,13.697929002723129,0.1551621364093703,,4.082460024406488,2025,0.6,1.5
0.4,354,89,0.7191011235955056,13.804377153643635,0.20494093383003037,,3.501572503907408,2021,0.4,0.5
0.5,443,89,0.6853932584269663,13.660633876111469,0.20889813848366498,,3.015188189896927,2021,0.4,0.5
0.6,532,88,0.6363636363636364,12.390833454444925,0.21918038133544357,,2.937369628283531,2021,0.4,0.5
0.7,620,89,0.7191011235955056,12.420538154325257,0.18806273542816374,,3.03033364870749,2021,0.4,0.5
0.8,709,89,0.797752808988764,13.504800892222963,0.14196102390475443,,2.790050352870414,2021,0.4,0.5
0.4,358,90,0.6555555555555556,13.630253442727556,0.2227096601593061,,3.3830702471609873,2022,0.4,0.5
0.5,448,89,0.6629213483146067,13.599798588135481,0.21525917805402553,,3.220004967067214,2022,0.4,0.5
0.6,537,90,0.7,12.602920830988564,0.18997267703517562,,3.3333328438699836,2022,0.4,0.5
0.7,627,89,0.6404494382022472,12.301823702514907,0.22919611824929476,,3.1809612115532726,2022,0.4,0.5
0.8,716,90,0.7111111111111111,13.943224505914284,0.18666982065611748,,2.849270265732711,2022,0.4,0.5
0.4,364,91,0.7802197802197802,11.432900841693513,0.15538022700679235,,2.698078213430302,2023,0.4,0.5
0.5,455,91,0.7032967032967034,13.343591527149039,0.19499852328433842,,2.8546206173761286,2023,0.4,0.5
0.6,546,91,0.6703296703296703,15.172162982172642,0.21447031708968198,,2.6314120401121603,2023,0.4,0.5
0.7,637,90,0.6555555555555556,13.341434679973663,0.20468815821648978,,2.5450890326694187,2023,0.4,0.5
0.8,728,91,0.7692307692307693,11.883939424942607,0.157190429271296,,2.8432338384346987,2023,0.4,0.5
0.4,367,92,0.6304347826086957,14.721765192978623,0.23538466532989333,,3.0080342939245375,2024,0.4,0.5
0.5,459,92,0.6847826086956522,12.091685049180633,0.1945654518401947,,2.454321922366575,2024,0.4,0.5
0.6,551,92,0.75,12.774056722732292,0.16629518170195756,,2.591769362430834,2024,0.4,0.5
0.7,643,92,0.7065217391304348,12.645908387985703,0.19328705839207458,,3.110249007926104,2024,0.4,0.5
0.8,735,92,0.7065217391304348,12.564802483077022,0.1835841207721166,,3.3236150474078308,2024,0.4,0.5
0.4,373,94,0.7659574468085106,11.585982080712585,0.17565837455873717,,4.081806717779538,2025,0.4,0.5
0.5,467,93,0.6989247311827957,13.191592047188324,0.20047211102266344,,4.24895131523855,2025,0.4,0.5
0.6,560,93,0.7741935483870968,12.737576799354564,0.17038628744183185,,3.8937207789163217,2025,0.4,0.5
0.7,653,94,0.6808510638297872,13.003636718790517,0.2075116684056826,,4.16363871903464,2025,0.4,0.5
0.8,747,93,0.7849462365591398,13.012124996110526,0.1381862729077699,,3.846907790821165,2025,0.4,0.5
0.4,354,89,0.6966292134831461,13.781117390528069,0.20407746276045774,,3.817079256270424,2021,0.4,0.75
0.5,443,89,0.6629213483146067,13.685959090396102,0.20857353729793926,,3.246542715579923,2021,0.4,0.75
0.6,532,88,0.6363636363636364,12.723227514203455,0.22174591497197857,,3.1065889018266937,2021,0.4,0.75
0.7,620,89,0.7078651685393258,12.369548966739119,0.18576074362902387,,3.200083799934195,2021,0.4,0.75
0.8,709,89,0.797752808988764,13.837153993922046,0.149610005906128,,2.8631632126668634,2021,0.4,0.75
0.4,358,90,0.6666666666666666,13.503565780323457,0.21605457483373458,,3.7191899922088276,2022,0.4,0.75
0.5,448,89,0.6853932584269663,13.545527931233611,0.213129251758632,,3.526984437143057,2022,0.4,0.75
0.6,537,90,0.6888888888888889,12.5559438104206,0.18959929810845044,,3.5508836966218134,2022,0.4,0.75
0.7,627,89,0.6179775280898876,12.413320003253945,0.23101018216147504,,3.3821919396664857,2022,0.4,0.75
0.8,716,90,0.7111111111111111,14.21519258588472,0.1872362723881653,,3.0089711627772306,2022,0.4,0.75
0.4,364,91,0.7582417582417582,11.49510832415571,0.15650630020244496,,2.9768497295182366,2023,0.4,0.75
0.5,455,91,0.7032967032967034,13.20790485197871,0.189562539447101,,3.0609602420188566,2023,0.4,0.75
0.6,546,91,0.6923076923076923,15.154060679428705,0.21438580169524876,,2.7862541185480993,2023,0.4,0.75
0.7,637,90,0.6444444444444445,13.462226299536024,0.21081510586898336,,2.670153356428716,2023,0.4,0.75
0.8,728,91,0.7472527472527473,11.856250562502764,0.15472224501311024,,2.941231714845734,2023,0.4,0.75
0.4,367,92,0.6195652173913043,15.047365285812779,0.23959709718451913,,3.238773961981822,2024,0.4,0.75
0.5,459,92,0.6847826086956522,12.306927348333494,0.19853161617515996,,2.5578363798427737,2024,0.4,0.75
0.6,551,92,0.7391304347826086,12.81069217756315,0.1682775937989956,,2.7162446674587266,2024,0.4,0.75
0.7,643,92,0.6847826086956522,12.271482482577778,0.19225393478676892,,3.2112299565911697,2024,0.4,0.75
0.8,735,92,0.6956521739130435,12.48442568826181,0.1791069124314591,,3.40970014575044,2024,0.4,0.75
0.4,373,94,0.7553191489361702,11.382190931456263,0.17750628713059707,,4.371897479392133,2025,0.4,0.75
0.5,467,93,0.6666666666666666,13.199620261515522,0.19748078953805587,,4.522707410547645,2025,0.4,0.75
0.6,560,93,0.7526881720430108,12.79977945213642,0.1714611511562465,,4.061254942611255,2025,0.4,0.75
0.7,653,94,0.6595744680851063,13.06733803316508,0.208019109362263,,4.2618447163602715,2025,0.4,0.75
0.8,747,93,0.7741935483870968,13.277413356389745,0.14539455883870467,,3.9169684311051776,2025,0.4,0.75
0.4,354,89,0.6629213483146067,13.76222074814377,0.20388740143790673,,4.040171058212364,2021,0.4,1.0
0.5,443,89,0.6179775280898876,13.785282929968897,0.20891057330892696,,3.4084332775488333,2021,0.4,1.0
0.6,532,88,0.625,12.977748690599917,0.22403551006082872,,3.2198918987678202,2021,0.4,1.0
0.7,620,89,0.7078651685393258,12.43348426588678,0.18566701098021407,,3.3217554314019355,2021,0.4,1.0
0.8,709,89,0.7752808988764045,14.139534863134749,0.1562521056591631,,2.9088956468361062,2021,0.4,1.0
0.4,358,90,0.6777777777777778,13.482700520215369,0.21314056802935838,,3.999867544836849,2022,0.4,1.0
0.5,448,89,0.6853932584269663,13.574109535212544,0.21264494003442447,,3.7757845876363207,2022,0.4,1.0
0.6,537,90,0.6888888888888889,12.470602347173863,0.189687943655245,,3.727285879359439,2022,0.4,1.0
0.7,627,89,0.6179775280898876,12.611930921321933,0.23243759465637479,,3.545301837875196,2022,0.4,1.0
0.8,716,90,0.7111111111111111,14.446425056137521,0.18884343253042807,,3.138512237846845,2022,0.4,1.0
0.4,364,91,0.7582417582417582,11.579742641620287,0.1583976275607546,,3.197542803433596,2023,0.4,1.0
0.5,455,91,0.6923076923076923,13.24914736550128,0.1869875847423047,,3.226894419121295,2023,0.4,1.0
0.6,546,91,0.6813186813186813,15.137181416735425,0.21438289737921531,,2.907830589442265,2023,0.4,1.0
0.7,637,90,0.6111111111111112,13.608100594678728,0.21725295234225658,,2.7704312477585997,2023,0.4,1.0
0.8,728,91,0.7582417582417582,11.906114475381068,0.15431564285890276,,3.0247320845287424,2023,0.4,1.0
0.4,367,92,0.6304347826086957,15.396378848989402,0.24335125126645102,,3.447385418318591,2024,0.4,1.0
0.5,459,92,0.6521739130434783,12.520876352773389,0.20255770610160012,,2.6826389203210605,2024,0.4,1.0
0.6,551,92,0.7391304347826086,12.845347310287197,0.1717193998214846,,2.8364563502055353,2024,0.4,1.0
0.7,643,92,0.6847826086956522,12.109951058152456,0.19342869113825137,,3.3180468077972067,2024,0.4,1.0
0.8,735,92,0.7282608695652174,12.558976912309687,0.1782374808544408,,3.4929002456189244,2024,0.4,1.0
0.4,373,94,0.7659574468085106,11.287372230509717,0.17972665965695714,,4.621655278800299,2025,0.4,1.0
0.5,467,93,0.6774193548387096,13.227823819109796,0.1972480406574345,,4.7470394580888975,2025,0.4,1.0
0.6,560,93,0.7311827956989247,12.84081745609768,0.1728107855727162,,4.209948262699396,2025,0.4,1.0
0.7,653,94,0.648936170212766,13.162797079557155,0.2101518133675485,,4.355793693857946,2025,0.4,1.0
0.8,747,93,0.7741935483870968,13.627681683331542,0.1525428858831097,,3.988156395389463,2025,0.4,1.0
0.4,354,89,0.6404494382022472,13.829538604313415,0.2039132476936434,,4.345862264634234,2021,0.4,1.5
0.5,443,89,0.6404494382022472,13.956864063471107,0.20972409118816607,,3.6274700100938433,2021,0.4,1.5
0.6,532,88,0.6136363636363636,13.327007725262284,0.22754077114341112,,3.3691159098031367,2021,0.4,1.5
0.7,620,89,0.7078651685393258,12.610046636660902,0.18812785364616677,,3.4914278693639713,2021,0.4,1.5
0.8,709,89,0.7640449438202247,14.626420004776566,0.1664506369777991,,2.9701456987175883,2021,0.4,1.5
0.4,358,90,0.6555555555555556,13.501289043603528,0.21079859698294834,,4.459242898731782,2022,0.4,1.5
0.5,448,89,0.6741573033707865,13.581114590870438,0.2129325134966652,,4.1644207624417655,2022,0.4,1.5
0.6,537,90,0.7,12.318611147614584,0.19061853482896243,,4.01293544544566,2022,0.4,1.5
0.7,627,89,0.6179775280898876,12.97771545106906,0.2346970611026992,,3.803669329460221,2022,0.4,1.5
0.8,716,90,0.7111111111111111,14.7979961358224,0.19255897797713725,,3.349818795714877,2022,0.4,1.5
0.4,364,91,0.7802197802197802,11.796259568355655,0.16088857706698928,,3.5713360310734905,2023,0.4,1.5
0.5,455,91,0.6923076923076923,13.387700600103049,0.18664731865079956,,3.5096206407328117,2023,0.4,1.5
0.6,546,91,0.6813186813186813,15.031600023937816,0.21463262991688972,,3.113478162146596,2023,0.4,1.5
0.7,637,90,0.6111111111111112,13.847644308558708,0.22598780141601318,,2.940890767532549,2023,0.4,1.5
0.8,728,91,0.7692307692307693,12.037980091555335,0.15599506186169046,,3.1767060913463308,2023,0.4,1.5
0.4,367,92,0.6086956521739131,15.741007950771419,0.2474803914447774,,3.833873175005847,2024,0.4,1.5
0.5,459,92,0.6304347826086957,12.849543104291312,0.2099942843068651,,2.963030742814464,2024,0.4,1.5
0.6,551,92,0.75,12.972335778295639,0.17865048782251564,,3.068982731396151,2024,0.4,1.5
0.7,643,92,0.6521739130434783,12.131996422079737,0.19765523775991461,,3.5369731780957174,2024,0.4,1.5
0.8,735,92,0.7065217391304348,12.841973310746923,0.18082218962781962,,3.6557974350275795,2024,0.4,1.5
0.4,373,94,0.7340425531914894,11.469044572096255,0.18283427469073812,,5.081519732205588,2025,0.4,1.5
0.5,467,93,0.7204301075268817,13.279725475645181,0.1988811248600681,,5.125503360785012,2025,0.4,1.5
0.6,560,93,0.7311827956989247,12.907040689553396,0.1757070370185207,,4.491773526306429,2025,0.4,1.5
0.7,653,94,0.6276595744680851,13.33664622534139,0.21322223896465975,,4.545052585585968,2025,0.4,1.5
0.8,747,93,0.7634408602150538,14.047469591322487,0.1631498308890238,,4.139459235152381,2025,0.4,1.5
0.4,354,89,0.7191011235955056,13.81149115239873,0.20509395000017197,,3.691363918799046,2021,0.25,0.5
0.5,443,89,0.6853932584269663,13.685138142193619,0.21138904981312276,,3.152281803002436,2021,0.25,0.5
0.6,532,88,0.6136363636363636,12.85142840054143,0.23002315519834016,,3.074957452845349,2021,0.25,0.5
0.7,620,89,0.6966292134831461,12.429509045166686,0.19094094869007913,,3.1139058665533152,2021,0.25,0.5
0.8,709,89,0.8089887640449438,13.482002485780061,0.1444600284237458,,2.766909650938745,2021,0.25,0.5
0.4,358,90,0.6555555555555556,13.737345671233578,0.2196738484171109,,3.714785313250091,2022,0.25,0.5
0.5,448,89,0.6853932584269663,13.68303027347944,0.214292073820114,,3.49291774032884,2022,0.25,0.5
0.6,537,90,0.7,12.891474396414212,0.19534564686352202,,3.591397768955123,2022,0.25,0.5
0.7,627,89,0.6179775280898876,12.52008114082864,0.23443150318473346,,3.311785137723983,2022,0.25,0.5
0.8,716,90,0.7111111111111111,14.167084393633907,0.1884678239122682,,2.857784871600429,2022,0.25,0.5
0.4,364,91,0.8021978021978022,11.633900213268456,0.15799369669431482,,3.106035155130378,2023,0.25,0.5
0.5,455,91,0.7032967032967034,13.296325373246695,0.19525452497957388,,3.1697367186577026,2023,0.25,0.5
0.6,546,91,0.6923076923076923,15.142465917713853,0.21684442666508252,,2.82821145214001,2023,0.25,0.5
0.7,637,90,0.6444444444444445,13.536072703985534,0.20968332001274653,,2.67752659663249,2023,0.25,0.5
0.8,728,91,0.7472527472527473,11.801990920179085,0.15363327615312272,,3.012081810490095,2023,0.25,0.5
0.4,367,92,0.6086956521739131,14.987305523701393,0.23855778796752247,,3.4597580760378874,2024,0.25,0.5
0.5,459,92,0.6739130434782609,12.051548569260458,0.1930384511712098,,2.716585074399141,2024,0.25,0.5
0.6,551,92,0.7608695652173914,12.89678133793335,0.16714174553069583,,2.8813353453420913,2024,0.25,0.5
0.7,643,92,0.6739130434782609,12.48259637951044,0.19518773354393024,,3.3471628365813166,2024,0.25,0.5
0.8,735,92,0.7065217391304348,12.45824920742822,0.1803225665826412,,3.5548062950184085,2024,0.25,0.5
0.4,373,94,0.7659574468085106,11.688797958721377,0.17787176600184662,,4.416809812088649,2025,0.25,0.5
0.5,467,93,0.6881720430107527,12.997277405205303,0.19279518686171762,,4.553864152177503,2025,0.25,0.5
0.6,560,93,0.7741935483870968,13.074536517642077,0.17193817765308714,,4.083779019548424,2025,0.25,0.5
0.7,653,94,0.6702127659574468,13.127818172128242,0.2084745980910079,,4.340714427837958,2025,0.25,0.5
0.8,747,93,0.7634408602150538,13.388767863298941,0.1477727103879346,,3.857678019587643,2025,0.25,0.5
0.4,354,89,0.6853932584269663,13.805014937949759,0.2042565821048539,,4.011172783200776,2021,0.25,0.75
0.5,443,89,0.6179775280898876,13.775330843441044,0.21113163679398045,,3.3574297881072375,2021,0.25,0.75
0.6,532,88,0.6136363636363636,13.199234887890988,0.2336789009181983,,3.2012314455592827,2021,0.25,0.75
0.7,620,89,0.6853932584269663,12.46865146421696,0.1896631096694178,,3.262574379192374,2021,0.25,0.75
0.8,709,89,0.797752808988764,13.888857259123963,0.15357866932866443,,2.788278550007774,2021,0.25,0.75
0.4,358,90,0.6666666666666666,13.64058982309741,0.21479442174635868,,4.038570114948538,2022,0.25,0.75
0.5,448,89,0.6629213483146067,13.60620822461942,0.21301765047684212,,3.7759866144215612,2022,0.25,0.75
0.6,537,90,0.7,12.762934275164556,0.19408472292279902,,3.7738702839232974,2022,0.25,0.75
0.7,627,89,0.6067415730337079,12.740140458957109,0.23535510597148745,,3.4804146454425795,2022,0.25,0.75
0.8,716,90,0.7222222222222222,14.447439818150542,0.19036178236597637,,2.9833290657442997,2022,0.25,0.75
0.4,364,91,0.7692307692307693,11.729675055048254,0.1597834503298929,,3.3549229447391755,2023,0.25,0.75
0.5,455,91,0.7032967032967034,13.29068889108853,0.19107920285136487,,3.3479614653186873,2023,0.25,0.75
0.6,546,91,0.6813186813186813,15.143234449554255,0.2167500877793701,,2.944441290662957,2023,0.25,0.75
0.7,637,90,0.6222222222222222,13.680360570688297,0.21792020086291908,,2.775001075809061,2023,0.25,0.75
0.8,728,91,0.7582417582417582,11.82696321727613,0.15237939213356136,,3.0878692884896717,2023,0.25,0.75
0.4,367,92,0.6413043478260869,15.48403087888683,0.2442649617564778,,3.6951473315847263,2024,0.25,0.75
0.5,459,92,0.6521739130434783,12.288786617698275,0.19876314738250223,,2.813793074482707,2024,0.25,0.75
0.6,551,92,0.7717391304347826,12.942623144743967,0.17102777641214512,,3.0081719895478343,2024,0.25,0.75
0.7,643,92,0.6739130434782609,12.170596057572968,0.19545856578856854,,3.456218931923074,2024,0.25,0.75
0.8,735,92,0.717391304347826,12.557131993271872,0.17920456981445612,,3.6382796236321653,2024,0.25,0.75
0.4,373,94,0.7659574468085106,11.47910315314603,0.18073290882335669,,4.751377534346209,2025,0.25,0.75
0.5,467,93,0.7096774193548387,13.031792603129645,0.19231409079039943,,4.842494601016977,2025,0.25,0.75
0.6,560,93,0.7311827956989247,13.05368356775993,0.17325860092593076,,4.248515898815939,2025,0.25,0.75
0.7,653,94,0.6276595744680851,13.281066197087563,0.21105150785664178,,4.4248321250862,2025,0.25,0.75
0.8,747,93,0.7634408602150538,13.877353849220096,0.1579158367495902,,3.9187417066685204,2025,0.25,0.75
0.4,354,89,0.651685393258427,13.845634659020268,0.20417544151499176,,4.25310177960621,2021,0.25,1.0
0.5,443,89,0.6179775280898876,13.893520962575746,0.2113389321649189,,3.5131984673605636,2021,0.25,1.0
0.6,532,88,0.625,13.480825816201099,0.23642624373700682,,3.2951915279981887,2021,0.25,1.0
0.7,620,89,0.7078651685393258,12.64816986249795,0.1906506468651353,,3.378951358961043,2021,0.25,1.0
0.8,709,89,0.7865168539325843,14.251606969752716,0.16079365628454848,,2.808886514021547,2021,0.25,1.0
0.4,358,90,0.6777777777777778,13.625088117548204,0.21279311831807718,,4.3281161723790555,2022,0.25,1.0
0.5,448,89,0.6741573033707865,13.56538693461396,0.21301622892948,,4.0103072915200295,2022,0.25,1.0
0.6,537,90,0.6777777777777778,12.639358543413286,0.19362405789647458,,3.9322059714928703,2022,0.25,1.0
0.7,627,89,0.5955056179775281,12.948899816046298,0.23625806216831502,,3.621341234648928,2022,0.25,1.0
0.8,716,90,0.7222222222222222,14.71321566021865,0.19287646308093048,,3.0949729355278577,2022,0.25,1.0
0.4,364,91,0.7582417582417582,11.781188960551496,0.16070921286368642,,3.5722777538241455,2023,0.25,1.0
0.5,455,91,0.7142857142857143,13.364383119720221,0.1902387123122095,,3.503473952275195,2023,0.25,1.0
0.6,546,91,0.6923076923076923,15.111977279293555,0.21676917991367897,,3.045221772807186,2023,0.25,1.0
0.7,637,90,0.6333333333333333,13.777536041114491,0.2236791308352816,,2.8606361342240376,2023,0.25,1.0
0.8,728,91,0.7582417582417582,11.923672780313659,0.1528362342936266,,3.1622207584449886,2023,0.25,1.0
0.4,367,92,0.6304347826086957,15.794753972661471,0.24759569244235238,,3.919976513027163,2024,0.25,1.0
0.5,459,92,0.6413043478260869,12.51329136846765,0.204296128257777,,2.947279099999151,2024,0.25,1.0
0.6,551,92,0.7391304347826086,13.022115476323451,0.17571507768232558,,3.130808794296971,2024,0.25,1.0
0.7,643,92,0.6847826086956522,12.165192920731874,0.19758429626435844,,3.572797714903437,2024,0.25,1.0
0.8,735,92,0.7282608695652174,12.79545130573796,0.18101839562986036,,3.7200127136996657,2024,0.25,1.0
0.4,373,94,0.7446808510638298,11.52528738008502,0.18280012104031354,,5.0537848243360655,2025,0.25,1.0
0.5,467,93,0.6881720430107527,13.076541330801092,0.19364074358190445,,5.08035531258472,2025,0.25,1.0
0.6,560,93,0.7311827956989247,13.032529343649738,0.1749734149316622,,4.402799418793053,2025,0.25,1.0
0.7,653,94,0.6382978723404256,13.4178152012418,0.21335472068272907,,4.511112166646431,2025,0.25,1.0
0.8,747,93,0.7526881720430108,14.190620368434125,0.16575126715098645,,3.988272978657944,2025,0.25,1.0
0.4,354,89,0.6404494382022472,13.951711176401,0.204187732165388,,4.5299372610100095,2021,0.25,1.5
0.5,443,89,0.6629213483146067,14.061910748213752,0.21193675870836687,,3.679172141814002,2021,0.25,1.5
0.6,532,88,0.625,13.890940243847963,0.24007546244730563,,3.384444148695127,2021,0.25,1.5
0.7,620,89,0.6966292134831461,12.993635815079417,0.1945146514238596,,3.5184445296945266,2021,0.25,1.5
0.8,709,89,0.7415730337078652,14.761109844222428,0.17118888419393535,,2.822483663684552,2021,0.25,1.5
0.4,358,90,0.6555555555555556,13.627743436589855,0.21113389868632063,,4.748049338774643,2022,0.25,1.5
0.5,448,89,0.6741573033707865,13.596051397710333,0.2137207208789874,,4.3287002085102,2022,0.25,1.5
0.6,537,90,0.7,12.413727738406676,0.19395743285627937,,4.157180267805776,2022,0.25,1.5
0.7,627,89,0.6067415730337079,13.292297857573397,0.23782713514107073,,3.8173845295913917,2022,0.25,1.5
0.8,716,90,0.7111111111111111,15.008077369563456,0.19731349259350495,,3.2630693569529954,2022,0.25,1.5
0.4,364,91,0.7692307692307693,11.982885077500052,0.16194856287059534,,3.8933835740402976,2023,0.25,1.5
0.5,455,91,0.6813186813186813,13.747604015408879,0.19231564874723303,,3.729599505298692,2023,0.25,1.5
0.6,546,91,0.6593406593406593,14.95548907323968,0.21701765570835016,,3.186919049749605,2023,0.25,1.5
0.7,637,90,0.6222222222222222,13.916294371691183,0.22965926419250227,,2.981687556573354,2023,0.25,1.5
0.8,728,91,0.7692307692307693,12.096086140302287,0.15657052462512913,,3.279394340963649,2023,0.25,1.5
0.4,367,92,0.6304347826086957,16.023800513184202,0.2501615930760159,,4.29570609974782,2024,0.25,1.5
0.5,459,92,0.6521739130434783,13.067317531462693,0.21372106894646511,,3.215644821689568,2024,0.25,1.5
0.6,551,92,0.7391304347826086,13.127924100215953,0.18353679453327149,,3.3285655158638163,2024,0.25,1.5
0.7,643,92,0.6304347826086957,12.386526324263162,0.20212000808175712,,3.779506157210282,2024,0.25,1.5
0.8,735,92,0.6847826086956522,13.215357363370257,0.18696407547247565,,3.8548508807968207,2024,0.25,1.5
0.4,373,94,0.7340425531914894,11.963588879966185,0.18583843958668403,,5.542695004148291,2025,0.25,1.5
0.5,467,93,0.7204301075268817,13.101253975988636,0.19627719495335044,,5.442525479168291,2025,0.25,1.5
0.6,560,93,0.6881720430107527,13.199256351416585,0.17865597217881857,,4.660329290515833,2025,0.25,1.5
0.7,653,94,0.6382978723404256,13.700991986249916,0.21666744325059617,,4.661180407791001,2025,0.25,1.5
0.8,747,93,0.6774193548387096,14.533609850367299,0.17613890486752717,,4.120375063931597,2025,0.25,1.5
0.4,354,89,0.6741573033707865,13.8985194701726,0.2067262552112171,,3.840441013164467,2021,0.15,0.5
0.5,443,89,0.6179775280898876,13.905964184253778,0.21714840355555087,,3.2086696986289924,2021,0.15,0.5
0.6,532,88,0.625,13.627584414547194,0.2514672988625987,,3.102944605382715,2021,0.15,0.5
0.7,620,89,0.6629213483146067,12.735962545588395,0.19750454571185816,,3.1120179786853277,2021,0.15,0.5
0.8,709,89,0.797752808988764,13.653061829589536,0.150671671875073,,2.559582520179232,2021,0.15,0.5
0.4,358,90,0.7,13.902365288403361,0.21757865491851858,,4.008567449825063,2022,0.15,0.5
0.5,448,89,0.6741573033707865,13.708895293729734,0.2151033583983362,,3.7078299523435247,2022,0.15,0.5
0.6,537,90,0.6666666666666666,13.197825479777164,0.20462170333316568,,3.7445004813570524,2022,0.15,0.5
0.7,627,89,0.5842696629213483,12.962805838902526,0.24105124315080356,,3.2256084014342425,2022,0.15,0.5
0.8,716,90,0.7222222222222222,14.64820351372904,0.1936862152151056,,2.6447878735016768,2022,0.15,0.5
0.4,364,91,0.7582417582417582,11.910418602906477,0.16201064045302876,,3.429665544268179,2023,0.15,0.5
0.5,455,91,0.7142857142857143,13.485357372768659,0.19909421299135655,,3.3680623347766336,2023,0.15,0.5
0.6,546,91,0.6593406593406593,15.289235376796686,0.2227531488268562,,2.816863476035044,2023,0.15,0.5
0.7,637,90,0.6555555555555556,13.843424509859316,0.21839969296145662,,2.6399105904561715,2023,0.15,0.5
0.8,728,91,0.7472527472527473,11.758113008345598,0.15124728175692098,,3.073822117253396,2023,0.15,0.5
0.4,367,92,0.6304347826086957,15.683045403706943,0.2463680211020096,,3.8759280091692454,2024,0.15,0.5
0.5,459,92,0.6630434782608695,12.076960148975727,0.19664078652819575,,2.871420208175832,2024,0.15,0.5
0.6,551,92,0.7391304347826086,13.180491427208427,0.17333166610667353,,3.1370359500789884,2024,0.15,0.5
0.7,643,92,0.6956521739130435,12.434326725565091,0.20117229342908585,,3.490275585259663,2024,0.15,0.5
0.8,735,92,0.7282608695652174,12.863182265869769,0.18416715224309477,,3.6909516253466492,2024,0.15,0.5
0.4,373,94,0.7553191489361702,11.894409257929876,0.18317678590620137,,4.7571602954856145,2025,0.15,0.5
0.5,467,93,0.7096774193548387,12.768832095357517,0.18773796710096713,,4.820877442991215,2025,0.15,0.5
0.6,560,93,0.7419354838709677,13.621244443731536,0.1780872381998288,,4.1365766972787705,2025,0.15,0.5
0.7,653,94,0.6382978723404256,13.453793552490403,0.2124178681874094,,4.339356733705988,2025,0.15,0.5
0.8,747,93,0.7526881720430108,14.16502437216281,0.16699362589722602,,3.6317765186584743,2025,0.15,0.5
0.4,354,89,0.6629213483146067,14.025486030921268,0.20636348958076647,,4.144721701103166,2021,0.15,0.75
0.5,443,89,0.6292134831460674,14.071017420960937,0.21663136174117323,,3.348239865268182,2021,0.15,0.75
0.6,532,88,0.6477272727272727,14.040830599492473,0.25488661976281235,,3.1595549623266033,2021,0.15,0.75
0.7,620,89,0.6741573033707865,13.04755037450548,0.19869379464636383,,3.246350658150782,2021,0.15,0.75
0.8,709,89,0.7752808988764045,14.181957457203517,0.1606004091512644,,2.526939563265015,2021,0.15,0.75
0.4,358,90,0.6888888888888889,13.76836344179548,0.2143357613929722,,4.304342349865197,2022,0.15,0.75
0.5,448,89,0.6629213483146067,13.464777921536944,0.21476002759365515,,3.9138456000144943,2022,0.15,0.75
0.6,537,90,0.6666666666666666,13.010270389183507,0.201879131155116,,3.859383192073553,2022,0.15,0.75
0.7,627,89,0.5730337078651685,13.18616784777854,0.24088865369847975,,3.3288590992766847,2022,0.15,0.75
0.8,716,90,0.7111111111111111,14.96013657166397,0.19759496448530214,,2.7438089820272875,2022,0.15,0.75
0.4,364,91,0.7692307692307693,11.892337390515362,0.1615151803651098,,3.6037219879908444,2023,0.15,0.75
0.5,455,91,0.7032967032967034,13.666062259244532,0.19836795571577356,,3.4738047670903853,2023,0.15,0.75
0.6,546,91,0.6923076923076923,15.285424211298402,0.22263985761211133,,2.8550183039713217,2023,0.15,0.75
0.7,637,90,0.6444444444444445,13.886517443269925,0.22463539432324034,,2.695089625363368,2023,0.15,0.75
0.8,728,91,0.7582417582417582,11.840395341643234,0.15185600482790815,,3.127573432982807,2023,0.15,0.75
0.4,367,92,0.6304347826086957,16.06993969218097,0.25112405815755945,,4.069098700623664,2024,0.15,0.75
0.5,459,92,0.6521739130434783,12.479550579479644,0.20587503099560464,,2.9275715646989453,2024,0.15,0.75
0.6,551,92,0.7391304347826086,13.279330805581141,0.17971771637693904,,3.225878792493158,2024,0.15,0.75
0.7,643,92,0.6521739130434783,12.413402253779065,0.20303796639062513,,3.591504064096242,2024,0.15,0.75
0.8,735,92,0.717391304347826,13.142527471817605,0.18759563083102074,,3.744711192324517,2024,0.15,0.75
0.4,373,94,0.7340425531914894,12.0462639766478,0.18557542516086872,,5.08627947264502,2025,0.15,0.75
0.5,467,93,0.7096774193548387,12.852239345706586,0.19049211086095658,,5.0429920398842105,2025,0.15,0.75
0.6,560,93,0.7419354838709677,13.585171503036223,0.17938995878349015,,4.239914747815767,2025,0.15,0.75
0.7,653,94,0.6382978723404256,13.649442936131551,0.21560923689332104,,4.3534276030764945,2025,0.15,0.75
0.8,747,93,0.6881720430107527,14.597412898213225,0.17854198660421938,,3.669348958086578,2025,0.15,0.75
0.4,354,89,0.651685393258427,14.118690165506035,0.20657274707944676,,4.3504064911009745,2021,0.15,1.0
0.5,443,89,0.6292134831460674,14.194514594370865,0.21668169423950492,,3.4380151240406103,2021,0.15,1.0
0.6,532,88,0.6363636363636364,14.30955109933451,0.2569871072571648,,3.1915447104592363,2021,0.15,1.0
0.7,620,89,0.6741573033707865,13.31751543299418,0.20132476825387965,,3.343570474101003,2021,0.15,1.0
0.8,709,89,0.7640449438202247,14.5516532672647,0.16784676094155918,,2.5104247333633234,2021,0.15,1.0
0.4,358,90,0.6777777777777778,13.690492009227748,0.21312714858721538,,4.554838966973886,2022,0.15,1.0
0.5,448,89,0.6629213483146067,13.417361877205348,0.21516306488031436,,4.07243143602313,2022,0.15,1.0
0.6,537,90,0.6555555555555556,12.868088702572496,0.20077019544040647,,3.9547288559506826,2022,0.15,1.0
0.7,627,89,0.5955056179775281,13.3478115681343,0.24108130124558091,,3.4130485086659723,2022,0.15,1.0
0.8,716,90,0.6888888888888889,15.18515366601707,0.20107958307758503,,2.8328990613817613,2022,0.15,1.0
0.4,364,91,0.7582417582417582,11.946986698968677,0.16158482036572736,,3.740324931136147,2023,0.15,1.0
0.5,455,91,0.7032967032967034,13.959050675800084,0.2000096064219513,,3.553211389095933,2023,0.15,1.0
0.6,546,91,0.6813186813186813,15.191268613810758,0.22268812324495801,,2.884992007486314,2023,0.15,1.0
0.7,637,90,0.6222222222222222,13.916702139237499,0.2282671426508737,,2.738650615471818,2023,0.15,1.0
0.8,728,91,0.8021978021978022,12.024128418535664,0.15470611384198496,,3.1789633943546582,2023,0.15,1.0
0.4,367,92,0.6304347826086957,16.224940411273543,0.25379125178409817,,4.257576996147996,2024,0.15,1.0
0.5,459,92,0.6304347826086957,12.91974779960982,0.2132868030963012,,3.027752455491675,2024,0.15,1.0
0.6,551,92,0.7282608695652174,13.28112544230421,0.18546622792417758,,3.2987828823548746,2024,0.15,1.0
0.7,643,92,0.6413043478260869,12.583702606086264,0.20540233053506587,,3.6917393329344828,2024,0.15,1.0
0.8,735,92,0.6956521739130435,13.467066576215828,0.1922102659995509,,3.7950341347823544,2024,0.15,1.0
0.4,373,94,0.7127659574468085,12.360501598315627,0.1881964370416889,,5.365676905491305,2025,0.15,1.0
0.5,467,93,0.7526881720430108,12.899257908620411,0.19293075451698372,,5.212989024112942,2025,0.15,1.0
0.6,560,93,0.7096774193548387,13.575643891227285,0.18117605979224077,,4.339857621431059,2025,0.15,1.0
0.7,653,94,0.6382978723404256,13.8978393686847,0.21869621089600283,,4.380087888570713,2025,0.15,1.0
0.8,747,93,0.6666666666666666,14.874762393110592,0.18658856382896644,,3.7191651356767643,2025,0.15,1.0
0.4,354,89,0.6404494382022472,14.187315701794121,0.20699955127673209,,4.575934079638843,2021,0.15,1.5
0.5,443,89,0.651685393258427,14.275866795198384,0.21705384304976194,,3.516312858475827,2021,0.15,1.5
0.6,532,88,0.6136363636363636,14.587461730241778,0.25922167722917494,,3.2025421652467494,2021,0.15,1.5
0.7,620,89,0.6853932584269663,13.62067675717989,0.20650972179114174,,3.460300835391634,2021,0.15,1.5
0.8,709,89,0.7528089887640449,15.017626557386563,0.17762557712298413,,2.4910671886441222,2021,0.15,1.5
0.4,358,90,0.6666666666666666,13.666493640028236,0.21260297070392725,,4.9074224262611,2022,0.15,1.5
0.5,448,89,0.6629213483146067,13.525463252913333,0.21605572665402542,,4.278487989722161,2022,0.15,1.5
0.6,537,90,0.7,12.677785702327803,0.20089816611805916,,4.082292104488522,2022,0.15,1.5
0.7,627,89,0.6067415730337079,13.604015987084134,0.24182090809098483,,3.5309031544880844,2022,0.15,1.5
0.8,716,90,0.6888888888888889,15.396142611869237,0.20615711622326607,,2.969165184180763,2022,0.15,1.5
0.4,364,91,0.7692307692307693,12.073885296056977,0.16309373825643358,,3.9359295227924442,2023,0.15,1.5
0.5,455,91,0.6703296703296703,14.451283855359677,0.2039615548685354,,3.6619437647418205,2023,0.15,1.5
0.6,546,91,0.6703296703296703,14.954638455467133,0.22332332468635102,,2.9295098303479223,2023,0.15,1.5
0.7,637,90,0.6111111111111112,14.070757859192469,0.2311932561037694,,2.798501742980369,2023,0.15,1.5
0.8,728,91,0.7802197802197802,12.483729225309174,0.16208870746777482,,3.2661333440776055,2023,0.15,1.5
0.4,367,92,0.6195652173913043,16.277772503604627,0.2556498390594118,,4.589610746731291,2024,0.15,1.5
0.5,459,92,0.5978260869565217,13.499239907183853,0.2232978415920785,,3.2442958322419266,2024,0.15,1.5
0.6,551,92,0.717391304347826,13.368928013379598,0.19332398248139865,,3.4004264244357967,2024,0.15,1.5
0.7,643,92,0.6413043478260869,12.939652349105426,0.20892474252858498,,3.8585879625061352,2024,0.15,1.5
0.8,735,92,0.6847826086956522,13.824861483000038,0.20012084367631752,,3.8757899696376903,2024,0.15,1.5
0.4,373,94,0.7127659574468085,12.8791823459445,0.19333450008058306,,5.786743413237553,2025,0.15,1.5
0.5,467,93,0.7526881720430108,12.953598740880237,0.19595913688183803,,5.465769623771481,2025,0.15,1.5
0.6,560,93,0.7096774193548387,13.530436441897594,0.1849641901658386,,4.507529057651031,2025,0.15,1.5
0.7,653,94,0.6382978723404256,14.292400995495369,0.22339338432520228,,4.437390835048188,2025,0.15,1.5
0.8,747,93,0.6559139784946236,15.153027540573897,0.19651530746749882,,3.8198992001021868,2025,0.15,1.5
