cutoff,train,test,accuracy,mae,brier,home_field,season
0.4,1714,428,0.6728971962616822,11.745721485882376,0.21386326183725626,5.5163820612862935,2021
0.5,2142,429,0.6573426573426573,10.04706294145121,0.2097743190409378,4.593660215735699,2021
0.6,2571,428,0.7009345794392523,9.531066426779697,0.19488913105117717,3.985132340153884,2021
0.7,2999,428,0.6962616822429907,9.632903189844606,0.19868169481206702,3.6231790839826377,2021
0.8,3428,428,0.6892523364485982,10.063704251540832,0.2041688169439788,3.290598837829014,2021
0.4,2386,597,0.7219430485762144,9.637803404769073,0.18775096308658157,5.21314395586419,2022
0.5,2983,596,0.6845637583892618,9.245792452238717,0.19298710715362555,4.422753682855835,2022
0.6,3579,597,0.6968174204355109,8.677809832166124,0.19010068739881456,3.8100278360246844,2022
0.7,4176,596,0.6946308724832215,9.105445422948769,0.19620819126252473,3.4707945546780525,2022
0.8,4772,597,0.7001675041876047,8.920067586136497,0.18448664288174807,3.1148332646019075,2022
0.4,2488,623,0.7110754414125201,9.283213878492628,0.1874560053138087,4.453042228600043,2023
0.5,3111,622,0.680064308681672,9.293387602955253,0.20536950746582883,3.9795958006477608,2023
0.6,3733,622,0.7186495176848875,9.02631351526898,0.19152820408050344,3.508522686361231,2023
0.7,4355,622,0.7122186495176849,9.078932404450923,0.1931137561404838,3.3938132019537557,2023
0.8,4977,622,0.7090032154340836,8.799407914219149,0.19180694382269528,3.530002358081058,2023
0.4,2497,624,0.719551282051282,9.874922255179895,0.18437594690281442,4.281088405093944,2024
0.5,3121,624,0.7099358974358975,8.862354925329184,0.18960267829658198,3.8308123720642913,2024
0.6,3745,625,0.6832,8.99074009863725,0.20279815625278202,3.5168678904515955,2024
0.7,4370,624,0.7227564102564102,9.090377613286387,0.1845126296969282,3.221891459419233,2024
0.8,4994,624,0.6875,9.234544736585823,0.194846543983341,3.2974808978913863,2024
0.4,2516,630,0.7428571428571429,10.115635593880578,0.1654962191875031,4.074372441875985,2025
0.5,3146,629,0.6963434022257552,9.159660051992448,0.198985819454549,3.8268909853461994,2025
0.6,3775,629,0.6931637519872814,9.415243960906452,0.19800270666387995,3.204851405517212,2025
0.7,4404,629,0.7217806041335453,8.692643770415255,0.18481788073689986,3.014828529665581,2025
0.8,5033,629,0.7058823529411765,9.212975622883535,0.19292255808884176,3.074511533140165,2025
0.4,2520,630,0.7380952380952381,9.300606087279387,0.16547153495868372,3.6221265711390416,2026
0.5,3150,630,0.6825396825396826,9.535315131379232,0.2043930421936661,3.1891951203887876,2026
0.6,3780,630,0.7,9.229007766217231,0.20071725033676177,2.9085958104582597,2026
0.7,4410,630,0.6507936507936508,9.103307556096802,0.20567494627437669,2.663937270286652,2026
0.8,5040,630,0.6841269841269841,9.25316386864141,0.20550235582463025,2.657336051831636,2026
