cutoff,train_games,test_games,mri2_accuracy,mri2_mae,mri2_brier,classic_accuracy,home_field,season
0.4,308,77,0.6233766233766234,14.603686926203343,0.22750066372505887,,2.888964133016134,2003
0.5,385,77,0.7922077922077922,11.918826909069166,0.13238287432006496,,2.797675567299367,2003
0.6,462,77,0.7792207792207793,14.27809225971641,0.14976340867051718,,2.659306302119476,2003
0.7,539,77,0.7142857142857143,13.956560187170814,0.1854214841528545,,3.3571532750199706,2003
0.8,616,77,0.7922077922077922,13.995891450149136,0.13649517010085985,,3.680203742405396,2003
0.4,282,71,0.704225352112676,13.620306482308905,0.22612179021705625,,5.54350071342012,2004
0.5,353,71,0.7323943661971831,10.585934151616138,0.1892157054967068,,5.238759706694661,2004
0.6,424,70,0.7857142857142857,12.108939840685794,0.16617659864395148,,5.451754473287131,2004
0.7,494,71,0.676056338028169,13.401268556536246,0.2219278914063982,,5.7413351714913965,2004
0.8,565,71,0.8450704225352113,12.022034012167643,0.11962534497944433,,5.607083990926364,2004
0.4,287,72,0.6527777777777778,13.428418626339809,0.21507348053869194,,3.3826950320402873,2005
0.5,359,71,0.7464788732394366,11.492389623501325,0.180822281443503,,3.4018668161106778,2005
0.6,430,72,0.7777777777777778,11.42111829584472,0.1556604206669234,,2.9932334607837685,2005
0.7,502,72,0.7083333333333334,12.855522664280977,0.18647579116250673,,2.8980150734505212,2005
0.8,574,72,0.6944444444444444,12.280637075249574,0.20749121301728188,,3.3461569697935376,2005
0.4,316,80,0.675,12.231869134828976,0.20525573665373784,,2.1004298075093444,2006
0.5,396,79,0.7974683544303798,10.454407173122561,0.13353586379184298,,2.0828401346500147,2006
0.6,475,79,0.7088607594936709,13.466959006868082,0.21121186479556897,,2.444272185890676,2006
0.7,554,79,0.7341772151898734,12.393076564043353,0.17866439396154477,,2.958974819953309,2006
0.8,633,79,0.7341772151898734,11.85256988925976,0.18886738190144517,,2.7148784126722596,2006
0.4,319,80,0.6625,13.121724025542036,0.20517040591003233,,3.687276708066065,2007
0.5,399,79,0.6962025316455697,13.13794837072271,0.20196779482653066,,3.7010283215644884,2007
0.6,478,80,0.75,11.859652258719851,0.1840536212006473,,3.5763369005412327,2007
0.7,558,80,0.7,13.616313964382124,0.1928948487417829,,3.3848750687203153,2007
0.8,638,80,0.775,10.977715174103519,0.1724050755905934,,3.5196823539073416,2007
0.4,321,81,0.691358024691358,12.937976522361472,0.2044493953421231,,3.109731618705349,2008
0.5,402,80,0.725,12.72818888858647,0.1389606159465745,,2.493999530645543,2008
0.6,482,80,0.7125,13.15966186526505,0.20147757698982177,,2.968015559687168,2008
0.7,562,81,0.7283950617283951,11.272038738452531,0.1763958640929457,,3.2059765479271274,2008
0.8,643,80,0.75,14.119195091785633,0.16658687056651514,,2.9669273746491838,2008
0.4,323,81,0.8024691358024691,12.331516217925245,0.14872476468627766,,2.8483779957976654,2009
0.5,404,80,0.85,11.674782785647471,0.15508613300781332,,2.8005938867225084,2009
0.6,484,81,0.7037037037037037,10.756946098304127,0.17394271932727132,,2.827084336671924,2009
0.7,565,81,0.8148148148148148,12.683313534351484,0.13720168657513682,,2.870759692439275,2009
0.8,646,81,0.7654320987654321,10.726139993201281,0.14993063610921553,,2.6646356818462635,2009
0.4,323,81,0.7654320987654321,14.125701551747934,0.19471330372102907,,3.0960913624241426,2010
0.5,404,80,0.725,14.003990239008015,0.1705259348282841,,3.0536560909455814,2010
0.6,484,81,0.7283950617283951,12.307797289396696,0.17472861303307596,,2.856336414448886,2010
0.7,565,81,0.6666666666666666,14.647634447935967,0.22595866405142012,,2.857493765253448,2010
0.8,646,81,0.7777777777777778,13.096593280261807,0.1698793867400132,,2.639820574356315,2010
0.4,324,82,0.7317073170731707,12.797047300586788,0.1645340142089059,,2.2688572924860066,2011
0.5,406,81,0.691358024691358,13.144884107614091,0.2053749939732538,,2.8883007508922014,2011
0.6,487,81,0.691358024691358,13.361856792010375,0.1844854317611081,,3.091299463615099,2011
0.7,568,81,0.7283950617283951,12.892091026794526,0.19995185506784519,,3.3051633997596266,2011
0.8,649,81,0.7037037037037037,13.604461464043501,0.20109998293131326,,3.35194045538603,2011
0.4,336,84,0.8095238095238095,12.32339794613585,0.15346192077995932,,2.8945227648782486,2012
0.5,420,84,0.7380952380952381,12.516666094167636,0.13814307892195984,,3.415150074442241,2012
0.6,504,84,0.6547619047619048,13.947871418446477,0.20147584801275317,,3.3489599709403155,2012
0.7,588,84,0.7619047619047619,12.380696995680307,0.1581509495116608,,3.1839781322858114,2012
0.8,672,84,0.7142857142857143,12.288492682659223,0.16881163734475566,,3.110894922698695,2012
0.4,342,85,0.7411764705882353,12.494708880348984,0.16867786869154916,,3.823638530733105,2013
0.5,427,86,0.7790697674418605,11.852326575433494,0.14965851924392506,,3.270050026829914,2013
0.6,513,85,0.8235294117647058,11.935578148140298,0.12375478835673678,,3.5265687519459785,2013
0.7,598,85,0.8117647058823529,11.918567460363503,0.1295506922172168,,2.9537065060056436,2013
0.8,684,85,0.7176470588235294,14.865179584684347,0.17664763517665327,,3.325493577303512,2013
0.4,347,87,0.735632183908046,13.520306816211253,0.19331835229418615,,2.601830240306842,2014
0.5,434,86,0.7209302325581395,13.871622971784838,0.1749026944657121,,2.3300784973810953,2014
0.6,520,87,0.8045977011494253,12.557968783400524,0.14771790188224398,,2.4251926573528007,2014
0.7,607,87,0.7126436781609196,13.521901952453296,0.1794523550540945,,2.2892574882434085,2014
0.8,694,87,0.7586206896551724,13.511055202933338,0.16830598009873066,,2.626039290583699,2014
0.4,348,87,0.8045977011494253,13.364796838432602,0.1468192643843972,,3.0094202876688394,2015
0.5,435,87,0.8045977011494253,13.59809483752432,0.1563680741961692,,2.8544592470310923,2015
0.6,522,87,0.7931034482758621,12.693630493227912,0.1475817498601127,,2.960706307673521,2015
0.7,609,86,0.7325581395348837,13.07472617116282,0.1820454849971097,,3.137809240160166,2015
0.8,696,87,0.7011494252873564,14.541016547014452,0.1889346358985825,,2.841899176796933,2015
0.4,349,87,0.632183908045977,14.117833679153375,0.21465905510762026,,3.5453328020522363,2016
0.5,436,87,0.735632183908046,13.168131930095065,0.21227781983113694,,2.6604284290119042,2016
0.6,523,88,0.7045454545454546,14.906241548740308,0.18856234207419476,,2.6951222534035137,2016
0.7,611,87,0.735632183908046,14.147283164961564,0.18277401396918172,,2.579653995901259,2016
0.8,698,87,0.7241379310344828,14.75332606654578,0.190460557147736,,2.6021064653542862,2016
0.4,349,88,0.6704545454545454,13.22005170925143,0.2141404392636306,,0.6032801982667928,2017
0.5,437,87,0.6666666666666666,16.363590254475366,0.2083970233603172,,0.9609505538842096,2017
0.6,524,87,0.6666666666666666,12.498518929446794,0.2020815202327807,,1.8871382287028664,2017
0.7,611,88,0.7272727272727273,10.16702866895826,0.16389213158685337,,2.015506114905711,2017
0.8,699,87,0.7586206896551724,14.2445588718675,0.15672709789736267,,2.2572303227456176,2017
0.4,353,89,0.7078651685393258,14.131711951135143,0.20699776905825795,,2.9392510835880192,2018
0.5,442,88,0.7727272727272727,14.381604464157043,0.14950745943478141,,2.53986136214563,2018
0.6,530,88,0.6477272727272727,11.722742766071248,0.21123099875817222,,2.3038447451846475,2018
0.7,618,89,0.7752808988764045,12.615486561013826,0.1568988061599799,,2.3304823695400176,2018
0.8,707,88,0.8522727272727273,12.977248318619177,0.10156297581077163,,2.527906396697309,2018
0.4,355,89,0.651685393258427,13.22795514091961,0.24036209365199443,,3.4483014813002404,2019
0.5,444,88,0.7045454545454546,13.61062300381579,0.19605480881827733,,3.1402571828953585,2019
0.6,532,89,0.797752808988764,14.178947037140624,0.1717335009757433,,3.507754596699714,2019
0.7,621,89,0.7303370786516854,12.492630239057286,0.16956790416302076,,3.309454540919554,2019
0.8,710,89,0.7640449438202247,12.169989642425271,0.15837300635166293,,3.0890230521041304,2019
