half_life,ridge_mult,ridge,mae,accuracy,brier,mae_c40,mae_c50,mae_c60,mae_c70,mae_c80
,0.5,4.0,9.156972112671847,0.7018271504576453,0.19187375514327992,9.589988763440592,9.169220911196128,8.905413655551001,9.138668532477766,8.981568700693751
,0.75,6.0,9.141711762013207,0.7028696662060274,0.19160097576452575,9.58177393636913,9.142565602530256,8.89197179222233,9.111355302210404,8.980892176733908
,1.0,8.0,9.141407576177643,0.70347182176975,0.19179626424927082,9.598646512813865,9.133844993507717,8.89828781535745,9.09158514689536,8.984673412313823
,1.5,12.0,9.169132493276061,0.6994964166204028,0.1928668221984985,9.656958100757988,9.171464255045558,8.93991083555668,9.079376434936963,8.997952840083116
1.0,0.5,4.0,9.150034196239757,0.7007261914360685,0.1915455852034405,9.604237471460479,9.154040352168536,8.901697561744301,9.128426039174041,8.961769556651427
1.0,0.75,6.0,9.137313940526731,0.7039147120125732,0.19154640997676778,9.602801408418035,9.12769849483334,8.89656758677046,9.097948700241986,8.961553512369838
1.0,1.0,8.0,9.145546163331439,0.702426444460557,0.19203880686021513,9.630450813097871,9.136774250565404,8.915567276912066,9.079274535840101,8.965663940241747
1.0,1.5,12.0,9.192656231091274,0.6989648945401065,0.19363660617682135,9.720098654608567,9.199125493471792,8.972777074737555,9.079936330847827,8.991343601790634
0.6,0.5,4.0,9.149082771188496,0.7024079011742728,0.1915318720183703,9.61674687114954,9.145547867720639,8.905081752927813,9.123510601412702,8.954526762731787
0.6,0.75,6.0,9.14250590280232,0.7029200491265115,0.19174357757510452,9.623807783575186,9.128989679460828,8.91176836544645,9.094947153592797,8.953016531936331
0.6,1.0,8.0,9.158457522087481,0.7022998137059627,0.1924430165130699,9.661013826535237,9.14931242904376,8.938803575387753,9.081589211359814,8.961568568110842
0.6,1.5,12.0,9.220436090347706,0.6979197161082821,0.19437626521837678,9.783665797111405,9.225704242758333,8.999564299505314,9.092108290856979,9.001137821506493
0.4,0.5,4.0,9.155476842296391,0.7006760835583131,0.19173663363380358,9.638746902113194,9.139661911465241,8.92141077738788,9.125572504054347,8.951992116461291
0.4,0.75,6.0,9.159687908467111,0.7055337182592474,0.19222495254738367,9.661970526400596,9.141812498343812,8.940667712704071,9.102715465225685,8.951273339661386
0.4,1.0,8.0,9.186273756781553,0.7007833517399309,0.19317448390243908,9.722894926273081,9.172446661129362,8.971847979055658,9.097577828407227,8.966601389042436
0.4,1.5,12.0,9.261401169955416,0.6948855802625652,0.19547850708325865,9.872627744214244,9.262593778824952,9.033137396943795,9.118354608350264,9.020292321443831
0.25,0.5,4.0,9.194044646206978,0.7013290444360503,0.19263544600451527,9.719749829416493,9.165480459853285,8.97584426649575,9.149913633465964,8.959235041803392
0.25,0.75,6.0,9.214994814305877,0.699375008440006,0.1935824356453554,9.789190230533972,9.18562388890261,8.999349833501403,9.134467328084915,8.966342790506488
0.25,1.0,8.0,9.255828244241082,0.6969180698862164,0.19491975753821103,9.878571305824089,9.229986436368542,9.033031063789013,9.140586373408077,8.996966041815693
0.25,1.5,12.0,9.339723562739591,0.6910937892172313,0.1978006140899094,10.032987235498785,9.335601268924057,9.081804590297075,9.178001825803422,9.070222893174614
0.15,0.5,4.0,9.296120526953603,0.6963706969160448,0.19524776485584952,9.952155271899327,9.244255035969722,9.08203272085706,9.199677353646523,9.002482252395374
0.15,0.75,6.0,9.333398073726185,0.6943878117533335,0.19684709298471367,10.053818293787005,9.280905007371386,9.091546838932624,9.201938667076247,9.038781561463665
0.15,1.0,8.0,9.384499456282933,0.6880551946033816,0.19869766995196336,10.149608422946615,9.33807640592807,9.108635753922615,9.23108272426557,9.095093974351796
0.15,1.5,12.0,9.487107947025207,0.6820441912063295,0.20219742759078932,10.302804501878803,9.466571278142926,9.157770710461017,9.297236232816779,9.211157011826506
